Workbook

Sheet wimbledons_champions
A1: Year | B1: Gender | C1: Champion | D1: Champion Nationality | E1: Champion Country | F1: Champion Seed | G1: Mins | H1: Score | I1: 1st-won | J1: 1st-loss | K1: 2nd-won | L1: 2nd-loss | M1: 3rd-won | N1: 3rd-loss | O1: 4th-won | P1: 4th-loss | Q1: 5th-won | R1: 5th-loss | S1: Runner-up | T1: Runner-up Nationality | U1: Runner-up Country | V1: Runner-up Seed
A2: 2026 | B2: Women's | C2: L. Noskova | D2: CZE | E2: Czechia | F2: 9 | G2: 148 | H2: 6-2,5-7,6-3 | I2: 6 | J2: 2 | K2: 5 | L2: 7 | M2: 6 | N2: 3 | S2: K.Muchova | T2: CZE | U2: Czechia | V2: 10
A3: 2026 | B3: Men's | C3: J. Sinner | D3: ITA | E3: Italy | F3: 1 | G3: 154 | H3: 6-7,7-6,6-3,6-4 | I3: 6 | J3: 7 | K3: 7 | L3: 6 | M3: 6 | N3: 3 | O3: 6 | P3: 4 | S3: A. Zverev | T3: GER | U3: Germany | V3: 2
A4: 2025 | B4: Women's | C4: I. Świątek | D4: POL | E4: Poland | F4: 8 | G4: 57 | H4: 6-0,6-0 | I4: 6 | J4: 0 | K4: 6 | L4: 0 | S4: A. Anisimova | T4: USA | U4: United States | V4: 13
A5: 2025 | B5: Men's | C5: J. Sinner | D5: ITA | E5: Italy | F5: 1 | G5: 184 | H5: 4-6,6-4,6-4,6-4 | I5: 4 | J5: 6 | K5: 6 | L5: 4 | M5: 6 | N5: 4 | O5: 6 | P5: 4 | S5: C. Alcaraz | T5: ESP | U5: Spain | V5: 2
A6: 2024 | B6: Women's | C6: B. Krejčíková | D6: CZE | E6: Czechia | F6: 31 | G6: 116 | H6: 6-2,2-6,6-4 | I6: 6 | J6: 2 | K6: 2 | L6: 6 | M6: 6 | N6: 4 | S6: J. Paolini | T6: ITA | U6: Italy | V6: 7
A7: 2024 | B7: Men's | C7: C. Alcaraz | D7: ESP | E7: Spain | F7: 3 | G7: 147 | H7: 6-2,6-2,7-6 | I7: 6 | J7: 2 | K7: 6 | L7: 2 | M7: 7 | N7: 6 | S7: N. Djokovic | T7: SRB | U7: Serbia | V7: 2
A8: 2023 | B8: Women's | C8: M.Vondrousova | D8: CZE | E8: Czechia | F8: U | G8: 80 | H8: 6-4, 6-4 | I8: 6 | J8: 4 | K8: 6 | L8: 4 | S8: O.Jabeur | T8: TUN | U8: Tunisia | V8: 6
A9: 2023 | B9: Men's | C9: C.Alcaraz | D9: ESP | E9: Spain | F9: 1 | G9: 283 | H9: 1-6, 7-6, 6-1, 3-6, 6-4 | I9: 1 | J9: 6 | K9: 7 | L9: 6 | M9: 6 | N9: 1 | O9: 3 | P9: 6 | Q9: 6 | R9: 4 | S9: N.Djokovic | T9: SRB | U9: Serbia | V9: 2
A10: 2022 | B10: Women's | C10: E. Rybakina | D10: KAZ | E10: Kazakhstan | F10: 17 | G10: 108 | H10: 3-6,6-2,6-2 | I10: 3 | J10: 6 | K10: 6 | L10: 5 | M10: 6 | N10: 2 | S10: O. Jabeur | T10: TUN | U10: Tunisia | V10: 3
A11: 2022 | B11: Men's | C11: N. Djokovic | D11: SRB | E11: Serbia | F11: 1 | G11: 181 | H11: 4-6,6-3,6-4,7-6(7-3) | I11: 4 | J11: 6 | K11: 6 | L11: 3 | M11: 6 | N11: 4 | O11: 7 | P11: 6 | S11: N. Kyrgios | T11: Aus | U11: Australia | V11: U
A12: 2021 | B12: Women's | C12: A. Barty | D12: AUS | E12: Australia | F12: 1 | G12: 116 | H12: 6-3,6-7(4-7),6-3 | I12: 6 | J12: 3 | K12: 6 | L12: 7 | M12: 6 | N12: 3 | S12: k.Pliskova | T12: CZE | U12: Czechia | V12: 8
A13: 2021 | B13: Men's | C13: N. Djokovic | D13: SRB | E13: Serbia | F13: 1 | G13: 204 | H13: 6-7(4-7),6-4,6-4,6-3 | I13: 6 | J13: 7 | K13: 6 | L13: 4 | M13: 6 | N13: 4 | O13: 6 | P13: 3 | S13: M. Berrettini | T13: ITA | U13: Italy | V13: 7
A14: 2019 | B14: Women's | C14: S.Halep | D14: ROU | E14: Romania | F14: 7 | G14: 56 | H14: 6-2,6-2 | I14: 6 | J14: 2 | K14: 6 | L14: 2 | S14: S. Williams | T14: USA | U14: United States | V14: 11
A15: 2019 | B15: Men's | C15: N. Djokovic | D15: SRB | E15: Serbia | F15: 1 | G15: 297 | H15: 7-6(7-5),1-6,7-6(7-4),4-6,13-12(7-3) | I15: 7 | J15: 6 | K15: 1 | L15: 6 | M15: 7 | N15: 6 | O15: 4 | P15: 6 | Q15: 7 | R15: 6 | S15: R. Federer | T15: SUI | U15: Switzerland | V15: 2
A16: 2018 | B16: Women's | C16: A. Kerber | D16: GER | E16: Germany | F16: 11 | G16: 65 | H16: 6-3,6-3 | I16: 6 | J16: 3 | K16: 6 | L16: 3 | S16: S. Williams | T16: USA | U16: United States | V16: 25
A17: 2018 | B17: Men's | C17: N. Djokovic | D17: SRB | E17: Serbia | F17: 12 | G17: 170 | H17: 6-2,6-2,7-6(7-3) | I17: 6 | J17: 2 | K17: 6 | L17: 2 | M17: 7 | N17: 6 | S17: K. Anderson | T17: RSA | U17: South Africa | V17: 8
A18: 2017 | B18: Women's | C18: G. Muguruza | D18: ESP | E18: Spain | F18: 14 | G18: 77 | H18: 7-5,6-0 | I18: 7 | J18: 5 | K18: 6 | L18: 0 | S18: V.E.S. Williams | T18: USA | U18: United States | V18: 10
A19: 2017 | B19: Men's | C19: R. Federer | D19: SUI | E19: Switzerland | F19: 3 | G19: 101 | H19: 6-3,6-1,6-4 | I19: 6 | J19: 3 | K19: 6 | L19: 1 | M19: 6 | N19: 4 | S19: M.Cilic | T19: CRO | U19: Croatia | V19: 7
A20: 2016 | B20: Women's | C20: S. Williams | D20: USA | E20: United States | F20: 1 | G20: 83 | H20: 7-5, 6-3 | I20: 7 | J20: 5 | K20: 6 | L20: 3 | S20: A. Kerber | T20: GER | U20: Germany | V20: 4
A21: 2016 | B21: Men's | C21: A. Murray | D21: GBR | E21: United Kingdom | F21: 2 | G21: 170 | H21: 6-4, 7-6(7-3), 7-6(7-2) | I21: 6 | J21: 4 | K21: 7 | L21: 6 | M21: 7 | N21: 6 | S21: M. Raonic | T21: CND | U21: Canada | V21: 6
A22: 2015 | B22: Women's | C22: S. Williams | D22: USA | E22: United States | F22: 1 | G22: 83 | H22: 6-4, 6-4 | I22: 6 | J22: 4 | K22: 6 | L22: 4 | S22: G. Muguruza | T22: ESP | U22: Spain | V22: 20
A23: 2015 | B23: Men's | C23: N. Djokovic | D23: SRB | E23: Serbia | F23: 1 | G23: 176 | H23: 7-6(7-1), 6-7(10-12), 6-4, 6-3 | I23: 7 | J23: 6 | K23: 6 | L23: 7 | M23: 6 | N23: 4 | O23: 6 | P23: 3 | S23: R. Federer | T23: SUI | U23: Switzerland | V23: 2
A24: 2014 | B24: Women's | C24: P. Kvitová | D24: CZE | E24: Czechia | F24: 6 | G24: 55 | H24: 6-3, 6-0 | I24: 6 | J24: 3 | K24: 6 | L24: 0 | S24: E. Bouchard | T24: CND | U24: Canada | V24: 13
A25: 2014 | B25: Men's | C25: N. Djokovic | D25: SRB | E25: Serbia | F25: 1 | G25: 236 | H25: 6-7(7-9), 6-4, 7-6(7-4), 5-7, 6-4 | I25: 6 | J25: 7 | K25: 6 | L25: 4 | M25: 7 | N25: 6 | O25: 5 | P25: 7 | Q25: 6 | R25: 4 | S25: R. Federer | T25: SUI | U25: Switzerland | V25: 4
A26: 2013 | B26: Women's | C26: M. Bartoli | D26: FRA | E26: France | F26: 15 | G26: 81 | H26: 6-2,1-6,6-4 | I26: 6 | J26: 2 | K26: 1 | L26: 6 | M26: 6 | N26: 4 | S26: S. Lisicki | T26: GER | U26: Germany | V26: 23
A27: 2013 | B27: Men's | C27: A. Murray | D27: GBR | E27: United Kingdom | F27: 2 | G27: 134 | H27: 6-4, 7-5, 6-4 | I27: 6 | J27: 4 | K27: 7 | L27: 5 | M27: 6 | N27: 4 | S27: N. Djokovic | T27: SRB | U27: Serbia | V27: 1
A28: 2012 | B28: Women's | C28: S. Williams | D28: USA | E28: United States | F28: 6 | G28: 122 | H28: 6-1, 5-7, 6-2 | I28: 6 | J28: 1 | K28: 5 | L28: 7 | M28: 6 | N28: 2 | S28: A. Radwańska | T28: POL | U28: Poland | V28: 3
A29: 2012 | B29: Men's | C29: R. Federer | D29: SUI | E29: Switzerland | F29: 3 | G29: 204 | H29: 4-6, 7-5, 6-3, 6-4 | I29: 4 | J29: 6 | K29: 7 | L29: 5 | M29: 6 | N29: 3 | O29: 6 | P29: 4 | S29: A. Murray | T29: GBR | U29: United Kingdom | V29: 4
A30: 2011 | B30: Women's | C30: P. Kvitova | D30: CZE | E30: Czechia | F30: 8 | G30: 85 | H30: 6-3, 6-4 | I30: 6 | J30: 3 | K30: 6 | L30: 4 | S30: M. Sharapova | T30: RUS | U30: Russia | V30: 5
A31: 2011 | B31: Men's | C31: N. Djokovic | D31: SRB | E31: Serbia | F31: 2 | G31: 148 | H31: 6-4 6-1 1-6 6-3 | I31: 6 | J31: 4 | K31: 6 | L31: 1 | M31: 1 | N31: 6 | O31: 6 | P31: 3 | S31: R. Nadal | T31: ESP | U31: Spain | V31: 1
A32: 2010 | B32: Women's | C32: S. Williams | D32: USA | E32: United States | F32: 1 | G32: 66 | H32: 6-3, 6-2 | I32: 6 | J32: 3 | K32: 6 | L32: 2 | S32: V. Zvonareva | T32: RUS | U32: Russia | V32: 21
A33: 2010 | B33: Men's | C33: R. Nadal | D33: ESP | E33: Spain | F33: 2 | G33: 133 | H33: 6-3, 7-5, 6-4 | I33: 6 | J33: 3 | K33: 7 | L33: 5 | M33: 6 | N33: 4 | S33: T. Berdych | T33: CZE | U33: Czechia | V33: 12
A34: 2009 | B34: Women's | C34: S. Williams | D34: USA | E34: United States | F34: 2 | G34: 87 | H34: 7-6 (7-3), 6-2 | I34: 7 | J34: 6 | K34: 6 | L34: 2 | S34: V.E.S. Williams | T34: USA | U34: United States | V34: 3
A35: 2009 | B35: Men's | C35: R. Federer | D35: SUI | E35: Switzerland | F35: 2 | G35: 256 | H35: 5-7, 7-6 (8-6), 7-6 (7-5), 3-6, 16-14 | I35: 5 | J35: 7 | K35: 7 | L35: 6 | M35: 7 | N35: 6 | O35: 3 | P35: 6 | Q35: 16 | R35: 14 | S35: A. Roddick | T35: USA | U35: United States | V35: 6
A36: 2008 | B36: Women's | C36: V.E.S. Williams | D36: USA | E36: United States | F36: 7 | G36: 111 | H36: 7-5, 6-4 | I36: 7 | J36: 5 | K36: 6 | L36: 4 | S36: S. Williams | T36: USA | U36: United States | V36: 6
A37: 2008 | B37: Men's | C37: R. Nadal | D37: ESP | E37: Spain | F37: 2 | G37: 288 | H37: 6-4, 6-4, 6-7 (5-7), 6-7 (8-10), 9-7 | I37: 6 | J37: 4 | K37: 6 | L37: 4 | M37: 6 | N37: 7 | O37: 6 | P37: 7 | Q37: 9 | R37: 7 | S37: R. Federer | T37: SUI | U37: Switzerland | V37: 1
A38: 2007 | B38: Women's | C38: V.E.S. Williams | D38: USA | E38: United States | F38: 23 | G38: 90 | H38: 6-4, 6-1 | I38: 6 | J38: 4 | K38: 6 | L38: 1 | S38: M. Bartoli | T38: FRA | U38: France | V38: 18
A39: 2007 | B39: Men's | C39: R. Federer | D39: SUI | E39: Switzerland | F39: 1 | G39: 225 | H39: 7-6 (9-7), 4-6, 7-6 (7-3), 2-6, 6-2 | I39: 7 | J39: 6 | K39: 4 | L39: 6 | M39: 7 | N39: 6 | O39: 2 | P39: 6 | Q39: 6 | R39: 2 | S39: R. Nadal | T39: ESP | U39: Spain | V39: 2
A40: 2006 | B40: Women's | C40: A. Mauresmo | D40: FRA | E40: France | F40: 1 | G40: 122 | H40: 2-6, 6-3, 6-4 | I40: 2 | J40: 6 | K40: 6 | L40: 3 | M40: 6 | N40: 4 | S40: PY. Hardenne | T40: BEL | U40: Belgium | V40: 3
A41: 2006 | B41: Men's | C41: R. Federer | D41: SUI | E41: Switzerland | F41: 1 | G41: 170 | H41: 6-0, 7-6 (7-5), 6-7 (2-7), 6-3 | I41: 6 | J41: 0 | K41: 7 | L41: 6 | M41: 6 | N41: 7 | O41: 6 | P41: 3 | S41: R. Nadal | T41: ESP | U41: Spain | V41: 2
A42: 2005 | B42: Women's | C42: V.E.S. Williams | D42: USA | E42: United States | F42: 14 | G42: 166 | H42: 4-6, 7-6 (7-4), 9-7 | I42: 4 | J42: 6 | K42: 7 | L42: 6 | M42: 9 | N42: 7 | S42: L.A. Davenport | T42: USA | U42: United States | V42: 1
A43: 2005 | B43: Men's | C43: R. Federer | D43: SUI | E43: Switzerland | F43: 1 | G43: 101 | H43: 6-2, 7-6 (7-2), 6-4 | I43: 6 | J43: 2 | K43: 7 | L43: 6 | M43: 6 | N43: 4 | S43: A. Roddick | T43: USA | U43: United States | V43: 2
A44: 2004 | B44: Women's | C44: M. Sharapova | D44: RUS | E44: Russia | F44: 13 | G44: 74 | H44: 6-1, 6-4 | I44: 6 | J44: 1 | K44: 6 | L44: 4 | S44: S. Williams | T44: USA | U44: United States | V44: 1
A45: 2004 | B45: Men's | C45: R. Federer | D45: SUI | E45: Switzerland | F45: 1 | G45: 151 | H45: 4-6, 7-5, 7-6 (7-3), 6-4 | I45: 4 | J45: 6 | K45: 7 | L45: 5 | M45: 7 | N45: 6 | O45: 6 | P45: 4 | S45: A. Roddick | T45: USA | U45: United States | V45: 2
A46: 2003 | B46: Women's | C46: S. Williams | D46: USA | E46: United States | F46: 1 | G46: 123 | H46: 4-6, 6-4, 6-2 | I46: 4 | J46: 6 | K46: 6 | L46: 4 | M46: 6 | N46: 2 | S46: V.E.S. Williams | T46: USA | U46: United States | V46: 4
A47: 2003 | B47: Men's | C47: R. Federer | D47: SUI | E47: Switzerland | F47: 4 | G47: 119 | H47: 7-6 (7-5), 6-2, 7-6 (7-3) | I47: 7 | J47: 6 | K47: 6 | L47: 2 | M47: 7 | N47: 6 | S47: M. Philippousis | T47: AUS | U47: Australia | V47: U
A48: 2002 | B48: Women's | C48: S. Williams | D48: USA | E48: United States | F48: 2 | G48: 78 | H48: 7-6 (7-4), 6-3 | I48: 7 | J48: 6 | K48: 6 | L48: 3 | S48: V.E.S. Williams | T48: USA | U48: United States | V48: 1
A49: 2002 | B49: Men's | C49: L.G. Hewitt | D49: AUS | E49: Australia | F49: 1 | G49: 116 | H49: 6-1, 6-3, 6-2 | I49: 6 | J49: 1 | K49: 6 | L49: 3 | M49: 6 | N49: 2 | S49: D.P. Nalbandian | T49: ARG | U49: Argentina | V49: 28
A50: 2001 | B50: Women's | C50: V.E.S. Williams | D50: USA | E50: United States | F50: 2 | G50: 69 | H50: 6-1, 3-6, 6-0 | I50: 6 | J50: 1 | K50: 3 | L50: 6 | M50: 6 | N50: 0 | S50: J. Henin | T50: BEL | U50: Belgium | V50: 8
A51: 2001 | B51: Men's | C51: G.S. Ivanisevic | D51: CRO | E51: Croatia | F51: WC | G51: 182 | H51: 6-3, 3-6, 6-3, 2-6, 9-7 | I51: 6 | J51: 3 | K51: 3 | L51: 6 | M51: 6 | N51: 3 | O51: 2 | P51: 6 | Q51: 9 | R51: 7 | S51: P.M. Rafter | T51: AUS | U51: Australia | V51: 3
A52: 2000 | B52: Women's | C52: V.E.S. Williams | D52: USA | E52: United States | F52: 5 | G52: 84 | H52: 6-3, 7-6 (7-3) | I52: 6 | J52: 3 | K52: 7 | L52: 6 | S52: L.A. Davenport | T52: USA | U52: United States | V52: 2
A53: 2000 | B53: Men's | C53: P. Sampras | D53: USA | E53: United States | F53: 1 | G53: 182 | H53: 6-7 (10-12), 7-6 (7-5), 6-4, 6-2 | I53: 6 | J53: 7 | K53: 7 | L53: 6 | M53: 6 | N53: 4 | O53: 6 | P53: 2 | S53: P.M. Rafter | T53: AUS | U53: Australia | V53: 12
A54: 1999 | B54: Women's | C54: L.A. Davenport | D54: USA | E54: United States | F54: 3 | G54: 75 | H54: 6-4, 7-5 | I54: 6 | J54: 4 | K54: 7 | L54: 5 | S54: S.M. Graf | T54: GER | U54: Germany | V54: 2
A55: 1999 | B55: Men's | C55: P. Sampras | D55: USA | E55: United States | F55: 1 | G55: 115 | H55: 6-3, 6-4, 7-5 | I55: 6 | J55: 3 | K55: 6 | L55: 4 | M55: 7 | N55: 5 | S55: A.K. Agassi | T55: USA | U55: United States | V55: 4
A56: 1998 | B56: Women's | C56: J. Novotna | D56: CZE | E56: Czechia | F56: 3 | G56: 94 | H56: 6-4, 7-6 (7-2) | I56: 6 | J56: 4 | K56: 7 | L56: 6 | S56: N. Tauziat | T56: FRA | U56: France | V56: 16
A57: 1998 | B57: Men's | C57: P. Sampras | D57: USA | E57: United States | F57: 1 | G57: 172 | H57: 6-7 (2-7), 7-6 (11-9), 6-4, 3-6, 6-2 | I57: 6 | J57: 7 | K57: 7 | L57: 6 | M57: 6 | N57: 4 | O57: 3 | P57: 6 | Q57: 6 | R57: 2 | S57: G.S. Ivanisevic | T57: CRO | U57: Croatia | V57: 14
A58: 1997 | B58: Women's | C58: M. Hingis | D58: SUI | E58: Switzerland | F58: 1 | G58: 110 | H58: 2-6, 6-3, 6-3 | I58: 2 | J58: 6 | K58: 6 | L58: 3 | M58: 6 | N58: 3 | S58: J. Novotna | T58: CZE | U58: Czechia | V58: 3
A59: 1997 | B59: Men's | C59: P. Sampras | D59: USA | E59: United States | F59: 1 | G59: 94 | H59: 6-4, 6-2, 6-4 | I59: 6 | J59: 4 | K59: 6 | L59: 2 | M59: 6 | N59: 4 | S59: C.A. Pioline | T59: FRA | U59: France | V59: U
A60: 1996 | B60: Women's | C60: S.M. Graf | D60: GER | E60: Germany | F60: 1 | G60: 88 | H60: 6-3, 7-5, | I60: 6 | J60: 3 | K60: 7 | L60: 5 | S60: A.I.M. Sanchez Vicario | T60: ESP | U60: Spain | V60: 4
A61: 1996 | B61: Men's | C61: R.P.S. Krajicek | D61: NED | E61: Netherlands | F61: U | G61: 94 | H61: 6-3, 6-4, 6-3 | I61: 6 | J61: 3 | K61: 6 | L61: 4 | M61: 6 | N61: 3 | S61: M.O. Washington | T61: USA | U61: United States | V61: U
A62: 1995 | B62: Women's | C62: S.M. Graf | D62: GER | E62: Germany | F62: 1 | G62: 122 | H62: 4-6, 6-1, 7-5, | I62: 4 | J62: 6 | K62: 6 | L62: 1 | M62: 7 | N62: 5 | S62: A.I.M. Sanchez Vicario | T62: ESP | U62: Spain | V62: 2
A63: 1995 | B63: Men's | C63: P. Sampras | D63: USA | E63: United States | F63: 2 | G63: 149 | H63: 6-7 (5-7), 6-2, 6-4, 6-2 | I63: 6 | J63: 7 | K63: 6 | L63: 2 | M63: 6 | N63: 4 | O63: 6 | P63: 2 | S63: B.F. Becker | T63: GER | U63: Germany | V63: 3
A64: 1994 | B64: Women's | C64: I.C. Martinez | D64: ESP | E64: Spain | F64: 3 | G64: 119 | H64: 6-4, 3-6, 6-3, | I64: 6 | J64: 4 | K64: 3 | L64: 6 | M64: 6 | N64: 3 | S64: M. Navratilova | T64: USA | U64: United States | V64: 4
A65: 1994 | B65: Men's | C65: P. Sampras | D65: USA | E65: United States | F65: 1 | G65: 115 | H65: 7-6 (7-2), 7-6 (7-5), 6-0 | I65: 7 | J65: 6 | K65: 7 | L65: 6 | M65: 6 | N65: 0 | S65: G.S. Ivanisevic | T65: CRO | U65: Croatia | V65: 4
A66: 1993 | B66: Women's | C66: S.M. Graf | D66: GER | E66: Germany | F66: 1 | G66: 134 | H66: 7-6 (8-6), 1-6, 6-4, | I66: 7 | J66: 6 | K66: 1 | L66: 6 | M66: 6 | N66: 4 | S66: J. Novotna | T66: CZE | U66: Czechia | V66: 8
A67: 1993 | B67: Men's | C67: P. Sampras | D67: USA | E67: United States | F67: 1 | G67: 178 | H67: 7-6 (7-3), 7-6 (8-6), 3-6, 6-3 | I67: 7 | J67: 6 | K67: 7 | L67: 6 | M67: 3 | N67: 6 | O67: 6 | P67: 3 | S67: J.S. Courier | T67: USA | U67: United States | V67: 3
A68: 1992 | B68: Women's | C68: S.M. Graf | D68: GER | E68: Germany | F68: 2 | G68: 58 | H68: 6-2, 6-1, | I68: 6 | J68: 2 | K68: 6 | L68: 1 | S68: M. Seles | T68: SRB | U68: Serbia | V68: 1
A69: 1992 | B69: Men's | C69: A.K. Agassi | D69: USA | E69: United States | F69: 12 | G69: 170 | H69: 6-7 (8-10), 6-4, 6-4, 1-6, 6-4 | I69: 6 | J69: 7 | K69: 6 | L69: 4 | M69: 6 | N69: 4 | O69: 1 | P69: 6 | Q69: 6 | R69: 4 | S69: G.S. Ivanisevic | T69: CRO | U69: Croatia | V69: 8
A70: 1991 | B70: Women's | C70: S.M. Graf | D70: GER | E70: Germany | F70: 1 | G70: 127 | H70: 6-4, 3-6, 8-6, | I70: 6 | J70: 4 | K70: 3 | L70: 6 | M70: 8 | N70: 6 | S70: G.B. Sabatini | T70: ARG | U70: Argentina | V70: 2
A71: 1991 | B71: Men's | C71: M.D. Stich | D71: GER | E71: Germany | F71: 6 | G71: 153 | H71: 6-4, 7-6 (7-4), 6-4 | I71: 6 | J71: 4 | K71: 7 | L71: 6 | M71: 6 | N71: 4 | S71: B.F. Becker | T71: GER | U71: Germany | V71: 2
A72: 1990 | B72: Women's | C72: M. Navratilova | D72: USA | E72: United States | F72: 2 | G72: 75 | H72: 6-4, 6-1, | I72: 6 | J72: 4 | K72: 6 | L72: 1 | S72: Z.L. Garrison | T72: USA | U72: United States | V72: 5
A73: 1990 | B73: Men's | C73: S.B. Edberg | D73: SWE | E73: Sweden | F73: 3 | G73: 178 | H73: 6-2, 6-2, 3-6, 3-6, 6-4 | I73: 6 | J73: 2 | K73: 6 | L73: 2 | M73: 3 | N73: 6 | O73: 3 | P73: 6 | Q73: 6 | R73: 4 | S73: B.F. Becker | T73: GER | U73: Germany | V73: 2
A74: 1989 | B74: Women's | C74: S.M. Graf | D74: GER | E74: Germany | F74: 1 | G74: 92 | H74: 6-2, 6-7 (1-7), 6-1, | I74: 6 | J74: 2 | K74: 6 | L74: 7 | M74: 6 | N74: 1 | S74: M. Navratilova | T74: USA | U74: United States | V74: 2
A75: 1989 | B75: Men's | C75: B.F. Becker | D75: GER | E75: Germany | F75: 3 | G75: 132 | H75: 6-0, 7-6 (7-1), 6-4 | I75: 6 | J75: 0 | K75: 7 | L75: 6 | M75: 6 | N75: 4 | S75: S.B. Edberg | T75: SWE | U75: Sweden | V75: 2
A76: 1988 | B76: Women's | C76: S.M. Graf | D76: GER | E76: Germany | F76: 1 | G76: 93 | H76: 5-7, 6-2, 6-1, | I76: 5 | J76: 7 | K76: 6 | L76: 2 | M76: 6 | N76: 1 | S76: M. Navratilova | T76: USA | U76: United States | V76: 2
A77: 1988 | B77: Men's | C77: S.B. Edberg | D77: SWE | E77: Sweden | F77: 3 | G77: 170 | H77: 4-6, 7-6 (7-2), 6-4, 6-2 | I77: 4 | J77: 6 | K77: 7 | L77: 6 | M77: 6 | N77: 4 | O77: 6 | P77: 2 | S77: B.F. Becker | T77: GER | U77: Germany | V77: 6
A78: 1987 | B78: Women's | C78: M. Navratilova | D78: USA | E78: United States | F78: 1 | G78: 69 | H78: 7-5, 6-3, | I78: 7 | J78: 5 | K78: 6 | L78: 3 | S78: S.M. Graf | T78: GER | U78: Germany | V78: 2
A79: 1987 | B79: Men's | C79: P.H. Cash | D79: AUS | E79: Australia | F79: 11 | G79: 165 | H79: 7-6 (7-5), 6-2, 7-5 | I79: 7 | J79: 6 | K79: 6 | L79: 2 | M79: 7 | N79: 5 | S79: I. Lendl | T79: CZE | U79: Czechia | V79: 2
A80: 1986 | B80: Women's | C80: M. Navratilova | D80: USA | E80: United States | F80: 1 | G80: 72 | H80: 7-6 (7-1), 6-3, | I80: 7 | J80: 6 | K80: 6 | L80: 3 | S80: H. Mandlikova | T80: CZE | U80: Czechia | V80: 3
A81: 1986 | B81: Men's | C81: B.F. Becker | D81: GER | E81: Germany | F81: 4 | G81: 122 | H81: 6-4, 6-3, 7-5 | I81: 6 | J81: 4 | K81: 6 | L81: 3 | M81: 7 | N81: 5 | S81: I. Lendl | T81: CZE | U81: Czechia | V81: 1
A82: 1985 | B82: Women's | C82: M. Navratilova | D82: USA | E82: United States | F82: 1 | G82: 107 | H82: 4-6, 6-3, 6-2, | I82: 4 | J82: 6 | K82: 6 | L82: 3 | M82: 6 | N82: 2 | S82: J.M. Lloyd | T82: USA | U82: United States | V82: 1
A83: 1985 | B83: Men's | C83: B.F. Becker | D83: GER | E83: Germany | F83: U | G83: 198 | H83: 6-3, 6-7 (4-7), 7-6 (7-3), 6-4 | I83: 6 | J83: 3 | K83: 6 | L83: 7 | M83: 7 | N83: 6 | O83: 6 | P83: 4 | S83: K.M. Curren | T83: USA | U83: United States | V83: 8
A84: 1984 | B84: Women's | C84: M. Navratilova | D84: USA | E84: United States | F84: 1 | G84: 84 | H84: 7-6 (7-5), 6-2, | I84: 7 | J84: 6 | K84: 6 | L84: 2 | S84: J.M. Lloyd | T84: USA | U84: United States | V84: 2
A85: 1984 | B85: Men's | C85: J.P. McEnroe | D85: USA | E85: United States | F85: 1 | G85: 80 | H85: 6-1, 6-1, 6-2 | I85: 6 | J85: 1 | K85: 6 | L85: 1 | M85: 6 | N85: 2 | S85: J.S. Connors | T85: USA | U85: United States | V85: 3
A86: 1983 | B86: Women's | C86: M. Navratilova | D86: USA | E86: United States | F86: 1 | G86: 54 | H86: 6-0, 6-3, | I86: 6 | J86: 0 | K86: 6 | L86: 3 | S86: A. Jaeger | T86: USA | U86: United States | V86: 3
A87: 1983 | B87: Men's | C87: J.P. McEnroe | D87: USA | E87: United States | F87: 2 | G87: 85 | H87: 6-2, 6-2, 6-2 | I87: 6 | J87: 2 | K87: 6 | L87: 2 | M87: 6 | N87: 2 | S87: C.J. Lewis | T87: NZL | U87: New Zealand | V87: U
A88: 1982 | B88: Women's | C88: M. Navratilova | D88: USA | E88: United States | F88: 1 | G88: 87 | H88: 6-1, 3-6, 6-2, | I88: 6 | J88: 1 | K88: 3 | L88: 6 | M88: 6 | N88: 2 | S88: J.M. Lloyd | T88: USA | U88: United States | V88: 2
A89: 1982 | B89: Men's | C89: J.S. Connors | D89: USA | E89: United States | F89: 2 | G89: 256 | H89: 3-6, 6-3, 6-7 (2-7), 7-6 (7-5), 6-4 | I89: 3 | J89: 6 | K89: 6 | L89: 3 | M89: 6 | N89: 7 | O89: 7 | P89: 6 | Q89: 6 | R89: 4 | S89: J.P. McEnroe | T89: USA | U89: United States | V89: 1
A90: 1981 | B90: Women's | C90: J.M. Lloyd | D90: USA | E90: United States | F90: 1 | G90: 60 | H90: 6-2, 6-2, | I90: 6 | J90: 2 | K90: 6 | L90: 2 | S90: H. Mandlikova | T90: CZE | U90: Czechia | V90: 2
A91: 1981 | B91: Men's | C91: J.P. McEnroe | D91: USA | E91: United States | F91: 2 | G91: 202 | H91: 4-6, 7-6 (7-1), 7-6 (7-4), 6-4 | I91: 4 | J91: 6 | K91: 7 | L91: 6 | M91: 7 | N91: 6 | O91: 6 | P91: 4 | S91: B.R. Borg | T91: SWE | U91: Sweden | V91: 1
A92: 1980 | B92: Women's | C92: R.A. Cawley | D92: AUS | E92: Australia | F92: 4 | G92: 93 | H92: 6-1, 7-6 (7-4) | I92: 6 | J92: 1 | K92: 7 | L92: 6 | S92: J.M. Lloyd | T92: USA | U92: United States | V92: 3
A93: 1980 | B93: Men's | C93: B.R. Borg | D93: SWE | E93: Sweden | F93: 1 | G93: 233 | H93: 1-6, 7-5, 6-3, 6-7 (16-18), 8-6 | I93: 1 | J93: 6 | K93: 7 | L93: 5 | M93: 6 | N93: 3 | O93: 6 | P93: 7 | Q93: 8 | R93: 6 | S93: J.P. McEnroe | T93: USA | U93: United States | V93: 2
A94: 1979 | B94: Women's | C94: M. Navratilova | D94: USA | E94: United States | F94: 1 | G94: 60 | H94: 6-4, 6-4, | I94: 6 | J94: 4 | K94: 6 | L94: 4 | S94: J.M. Lloyd | T94: USA | U94: United States | V94: 2
A95: 1979 | B95: Men's | C95: B.R. Borg | D95: SWE | E95: Sweden | F95: 1 | G95: 169 | H95: 6-7(4-7), 6-1, 3-6, 6-3, 6-4 | I95: 6 | J95: 7 | K95: 6 | L95: 1 | M95: 3 | N95: 6 | O95: 6 | P95: 3 | Q95: 6 | R95: 4 | S95: R. Tanner | T95: USA | U95: United States | V95: 5
A96: 1978 | B96: Women's | C96: M. Navratilova | D96: USA | E96: United States | F96: 2 | G96: 102 | H96: 2-6, 6-4, 7-5, | I96: 2 | J96: 6 | K96: 6 | L96: 4 | M96: 7 | N96: 5 | S96: C.M. Evert | T96: USA | U96: United States | V96: 1
A97: 1978 | B97: Men's | C97: B.R. Borg | D97: SWE | E97: Sweden | F97: 1 | G97: 108 | H97: 6-2, 6-2, 6-3 | I97: 6 | J97: 2 | K97: 6 | L97: 2 | M97: 6 | N97: 3 | S97: J.S. Connors | T97: USA | U97: United States | V97: 2
A98: 1977 | B98: Women's | C98: S.V. Wade | D98: GBR | E98: United Kingdom | F98: 3 | G98: 98 | H98: 4-6, 6-3, 6-1, | I98: 4 | J98: 6 | K98: 6 | L98: 3 | M98: 6 | N98: 1 | S98: B.F. Stove | T98: NED | U98: Netherlands | V98: 7
A99: 1977 | B99: Men's | C99: B.R. Borg | D99: SWE | E99: Sweden | F99: 2 | G99: 194 | H99: 3-6, 6-2, 6-1, 5-7, 6-4 | I99: 3 | J99: 6 | K99: 6 | L99: 2 | M99: 6 | N99: 1 | O99: 5 | P99: 7 | Q99: 6 | R99: 4 | S99: J.S. Connors | T99: USA | U99: United States | V99: 1
A100: 1976 | B100: Women's | C100: C.M. Evert | D100: USA | E100: United States | F100: 1 | G100: 120 | H100: 6-3, 4-6, 8-6, | I100: 6 | J100: 3 | K100: 4 | L100: 6 | M100: 8 | N100: 6 | S100: R.A. Cawley | T100: AUS | U100: Australia | V100: 2
...

Sheet Top5

Sheet Win Rate
A1: =wimbledons_champions!A1 -> Year | B1: =wimbledons_champions!B1 -> Gender | C1: Champion | D1: Champion Nationality | E1: Champion Country | F1: Champion Seed | G1: =wimbledons_champions!G1 -> Mins | H1: =wimbledons_champions!H1 -> Score | I1: Runner-up | J1: Runner-up Nationality | K1: Runner-up Country | L1: Runner-up Seed | M1: Win Rate | O1: 1st-won | P1: 1st-loss | Q1: 2nd-won | R1: 2nd-loss | S1: 3rd-won | T1: 3rd-loss | U1: 4th-won | V1: 4th-loss | W1: 5th-won | X1: 5th-loss | Y1: Win | Z1: Loss | AA1: Win Rate
A2: 2022 | B2: =wimbledons_champions!B10 -> Women's | C2: E. RYBAKINA | D2: KAZ | E2: Kazakhstan | F2: 17 | G2: 108 | H2: 3-6,6-2,6-2 | I2: O. JABEUR | J2: TUN | K2: Tunisia | L2: 3 | M2: 0.53571429 | O2: 3 | P2: 6 | Q2: 6 | R2: 5 | S2: 6 | T2: 2 | Y2: =SUM(O2+Q2+S2+U2+W2) -> 15 | Z2: =SUM(P2+R2+T2+V2+X2) -> 13 | AA2: =Y2/(Y2+Z2) -> 0.53571429
A3: 2022 | B3: =wimbledons_champions!B11 -> Men's | C3: N. Djokovic | D3: SRB | E3: Serbia | F3: 1 | G3: 181 | H3: 4-6,6-3,6-4,7-6(7-3) | I3: N. KYRGIOS | J3: Aus | K3: Australia | L3: 0 | M3: 0.54761905 | O3: 4 | P3: 6 | Q3: 6 | R3: 3 | S3: 6 | T3: 4 | U3: 7 | V3: 6 | Y3: =SUM(O3+Q3+S3+U3+W3) -> 23 | Z3: =SUM(P3+R3+T3+V3+X3) -> 19 | AA3: =Y3/(Y3+Z3) -> 0.54761905
A4: =wimbledons_champions!A12 -> 2021 | B4: =wimbledons_champions!B12 -> Women's | C4: A. Barty | D4: AUS | E4: Australia | F4: 1 | G4: =wimbledons_champions!G12 -> 116 | H4: =wimbledons_champions!H12 -> 6-3,6-7(4-7),6-3 | I4: k.Pliskova | J4: CZE | K4: Czechia | L4: 8 | M4: 0.58064516 | O4: 6 | P4: 3 | Q4: 6 | R4: 7 | S4: 6 | T4: 3 | Y4: =SUM(O4+Q4+S4+U4+W4) -> 18 | Z4: =SUM(P4+R4+T4+V4+X4) -> 13 | AA4: =Y4/(Y4+Z4) -> 0.58064516
A5: =wimbledons_champions!A13 -> 2021 | B5: =wimbledons_champions!B13 -> Men's | C5: N. Djokovic | D5: SRB | E5: Serbia | F5: 1 | G5: =wimbledons_champions!G13 -> 204 | H5: =wimbledons_champions!H13 -> 6-7(4-7),6-4,6-4,6-3 | I5: M. Berrettini | J5: ITA | K5: Italy | L5: 7 | M5: 0.57142857 | O5: 6 | P5: 7 | Q5: 6 | R5: 4 | S5: 6 | T5: 4 | U5: 6 | V5: 3 | Y5: =SUM(O5+Q5+S5+U5+W5) -> 24 | Z5: =SUM(P5+R5+T5+V5+X5) -> 18 | AA5: =Y5/(Y5+Z5) -> 0.57142857
A6: =wimbledons_champions!A14 -> 2019 | B6: =wimbledons_champions!B14 -> Women's | C6: S.Halep | D6: ROU | E6: Romania | F6: 7 | G6: =wimbledons_champions!G14 -> 56 | H6: =wimbledons_champions!H14 -> 6-2,6-2 | I6: S. Williams | J6: USA | K6: United States | L6: 11 | M6: 0.75 | O6: 6 | P6: 2 | Q6: 6 | R6: 2 | Y6: =SUM(O6+Q6+S6+U6+W6) -> 12 | Z6: =SUM(P6+R6+T6+V6+X6) -> 4 | AA6: =Y6/(Y6+Z6) -> 0.75
A7: =wimbledons_champions!A15 -> 2019 | B7: =wimbledons_champions!B15 -> Men's | C7: N. Djokovic | D7: SRB | E7: Serbia | F7: 1 | G7: =wimbledons_champions!G15 -> 297 | H7: =wimbledons_champions!H15 -> 7-6(7-5),1-6,7-6(7-4),4-6,13-12(7-3) | I7: R. Federer | J7: SUI | K7: Switzerland | L7: 2 | M7: 0.46428571 | O7: 7 | P7: 6 | Q7: 1 | R7: 6 | S7: 7 | T7: 6 | U7: 4 | V7: 6 | W7: 7 | X7: 6 | Y7: =SUM(O7+Q7+S7+U7+W7) -> 26 | Z7: =SUM(P7+R7+T7+V7+X7) -> 30 | AA7: =Y7/(Y7+Z7) -> 0.46428571
A8: =wimbledons_champions!A16 -> 2018 | B8: =wimbledons_champions!B16 -> Women's | C8: A. Kerber | D8: GER | E8: Germany | F8: 11 | G8: =wimbledons_champions!G16 -> 65 | H8: =wimbledons_champions!H16 -> 6-3,6-3 | I8: S. Williams | J8: USA | K8: United States | L8: 25 | M8: 0.66666667 | O8: 6 | P8: 3 | Q8: 6 | R8: 3 | Y8: =SUM(O8+Q8+S8+U8+W8) -> 12 | Z8: =SUM(P8+R8+T8+V8+X8) -> 6 | AA8: =Y8/(Y8+Z8) -> 0.66666667
A9: =wimbledons_champions!A17 -> 2018 | B9: =wimbledons_champions!B17 -> Men's | C9: N. Djokovic | D9: SRB | E9: Serbia | F9: 12 | G9: =wimbledons_champions!G17 -> 170 | H9: =wimbledons_champions!H17 -> 6-2,6-2,7-6(7-3) | I9: K. Anderson | J9: RSA | K9: South Africa | L9: 8 | M9: 0.65517241 | O9: 6 | P9: 2 | Q9: 6 | R9: 2 | S9: 7 | T9: 6 | Y9: =SUM(O9+Q9+S9+U9+W9) -> 19 | Z9: =SUM(P9+R9+T9+V9+X9) -> 10 | AA9: =Y9/(Y9+Z9) -> 0.65517241
A10: =wimbledons_champions!A18 -> 2017 | B10: =wimbledons_champions!B18 -> Women's | C10: G. Muguruza | D10: ESP | E10: Spain | F10: 14 | G10: =wimbledons_champions!G18 -> 77 | H10: =wimbledons_champions!H18 -> 7-5,6-0 | I10: V.E.S. Williams | J10: USA | K10: United States | L10: 10 | M10: 0.72222222 | O10: 7 | P10: 5 | Q10: 6 | R10: 0 | Y10: =SUM(O10+Q10+S10+U10+W10) -> 13 | Z10: =SUM(P10+R10+T10+V10+X10) -> 5 | AA10: =Y10/(Y10+Z10) -> 0.72222222
A11: =wimbledons_champions!A19 -> 2017 | B11: =wimbledons_champions!B19 -> Men's | C11: R. Federer | D11: SUI | E11: Switzerland | F11: 3 | G11: =wimbledons_champions!G19 -> 101 | H11: =wimbledons_champions!H19 -> 6-3,6-1,6-4 | I11: M.Cilic | J11: CRO | K11: Croatia | L11: 7 | M11: 0.69230769 | O11: 6 | P11: 3 | Q11: 6 | R11: 1 | S11: 6 | T11: 4 | Y11: =SUM(O11+Q11+S11+U11+W11) -> 18 | Z11: =SUM(P11+R11+T11+V11+X11) -> 8 | AA11: =Y11/(Y11+Z11) -> 0.69230769
A12: =wimbledons_champions!A20 -> 2016 | B12: =wimbledons_champions!B20 -> Women's | C12: S. Williams | D12: USA | E12: United States | F12: 1 | G12: =wimbledons_champions!G20 -> 83 | H12: =wimbledons_champions!H20 -> 7-5, 6-3 | I12: A. Kerber | J12: GER | K12: Germany | L12: 4 | M12: 0.61904762 | O12: 7 | P12: 5 | Q12: 6 | R12: 3 | Y12: =SUM(O12+Q12+S12+U12+W12) -> 13 | Z12: =SUM(P12+R12+T12+V12+X12) -> 8 | AA12: =Y12/(Y12+Z12) -> 0.61904762
A13: =wimbledons_champions!A21 -> 2016 | B13: =wimbledons_champions!B21 -> Men's | C13: A. Murray | D13: GBR | E13: United Kingdom | F13: 2 | G13: =wimbledons_champions!G21 -> 170 | H13: =wimbledons_champions!H21 -> 6-4, 7-6(7-3), 7-6(7-2) | I13: M. Raonic | J13: CND | K13: Canada | L13: 6 | M13: 0.55555556 | O13: 6 | P13: 4 | Q13: 7 | R13: 6 | S13: 7 | T13: 6 | Y13: =SUM(O13+Q13+S13+U13+W13) -> 20 | Z13: =SUM(P13+R13+T13+V13+X13) -> 16 | AA13: =Y13/(Y13+Z13) -> 0.55555556
A14: =wimbledons_champions!A22 -> 2015 | B14: =wimbledons_champions!B22 -> Women's | C14: S. Williams | D14: USA | E14: United States | F14: 1 | G14: =wimbledons_champions!G22 -> 83 | H14: =wimbledons_champions!H22 -> 6-4, 6-4 | I14: G. Muguruza | J14: ESP | K14: Spain | L14: 20 | M14: 0.6 | O14: 6 | P14: 4 | Q14: 6 | R14: 4 | Y14: =SUM(O14+Q14+S14+U14+W14) -> 12 | Z14: =SUM(P14+R14+T14+V14+X14) -> 8 | AA14: =Y14/(Y14+Z14) -> 0.6
A15: =wimbledons_champions!A23 -> 2015 | B15: =wimbledons_champions!B23 -> Men's | C15: N. Djokovic | D15: SRB | E15: Serbia | F15: 1 | G15: =wimbledons_champions!G23 -> 176 | H15: =wimbledons_champions!H23 -> 7-6(7-1), 6-7(10-12), 6-4, 6-3 | I15: R. Federer | J15: SUI | K15: Switzerland | L15: 2 | M15: 0.55555556 | O15: 7 | P15: 6 | Q15: 6 | R15: 7 | S15: 6 | T15: 4 | U15: 6 | V15: 3 | Y15: =SUM(O15+Q15+S15+U15+W15) -> 25 | Z15: =SUM(P15+R15+T15+V15+X15) -> 20 | AA15: =Y15/(Y15+Z15) -> 0.55555556
A16: =wimbledons_champions!A24 -> 2014 | B16: =wimbledons_champions!B24 -> Women's | C16: P. Kvitová | D16: CZE | E16: Czechia | F16: 6 | G16: =wimbledons_champions!G24 -> 55 | H16: =wimbledons_champions!H24 -> 6-3, 6-0 | I16: E. Bouchard | J16: CND | K16: Canada | L16: 13 | M16: 0.8 | O16: 6 | P16: 3 | Q16: 6 | R16: 0 | Y16: =SUM(O16+Q16+S16+U16+W16) -> 12 | Z16: =SUM(P16+R16+T16+V16+X16) -> 3 | AA16: =Y16/(Y16+Z16) -> 0.8
A17: =wimbledons_champions!A25 -> 2014 | B17: =wimbledons_champions!B25 -> Men's | C17: N. Djokovic | D17: SRB | E17: Serbia | F17: 1 | G17: =wimbledons_champions!G25 -> 236 | H17: =wimbledons_champions!H25 -> 6-7(7-9), 6-4, 7-6(7-4), 5-7, 6-4 | I17: R. Federer | J17: SUI | K17: Switzerland | L17: 4 | M17: 0.51724138 | O17: 6 | P17: 7 | Q17: 6 | R17: 4 | S17: 7 | T17: 6 | U17: 5 | V17: 7 | W17: 6 | X17: 4 | Y17: =SUM(O17+Q17+S17+U17+W17) -> 30 | Z17: =SUM(P17+R17+T17+V17+X17) -> 28 | AA17: =Y17/(Y17+Z17) -> 0.51724138
A18: =wimbledons_champions!A26 -> 2013 | B18: =wimbledons_champions!B26 -> Women's | C18: M. Bartoli | D18: FRA | E18: France | F18: 15 | G18: =wimbledons_champions!G26 -> 81 | H18: =wimbledons_champions!H26 -> 6-2,1-6,6-4 | I18: S. Lisicki | J18: GER | K18: Germany | L18: 23 | M18: 0.52 | O18: 6 | P18: 2 | Q18: 1 | R18: 6 | S18: 6 | T18: 4 | Y18: =SUM(O18+Q18+S18+U18+W18) -> 13 | Z18: =SUM(P18+R18+T18+V18+X18) -> 12 | AA18: =Y18/(Y18+Z18) -> 0.52
A19: =wimbledons_champions!A27 -> 2013 | B19: =wimbledons_champions!B27 -> Men's | C19: A. Murray | D19: GBR | E19: United Kingdom | F19: 2 | G19: =wimbledons_champions!G27 -> 134 | H19: =wimbledons_champions!H27 -> 6-4, 7-5, 6-4 | I19: N. Djokovic | J19: SRB | K19: Serbia | L19: 1 | M19: 0.59375 | O19: 6 | P19: 4 | Q19: 7 | R19: 5 | S19: 6 | T19: 4 | Y19: =SUM(O19+Q19+S19+U19+W19) -> 19 | Z19: =SUM(P19+R19+T19+V19+X19) -> 13 | AA19: =Y19/(Y19+Z19) -> 0.59375
A20: =wimbledons_champions!A28 -> 2012 | B20: =wimbledons_champions!B28 -> Women's | C20: S. Williams | D20: USA | E20: United States | F20: 6 | G20: =wimbledons_champions!G28 -> 122 | H20: =wimbledons_champions!H28 -> 6-1, 5-7, 6-2 | I20: A. Radwańska | J20: POL | K20: Poland | L20: 3 | M20: 0.62962963 | O20: 6 | P20: 1 | Q20: 5 | R20: 7 | S20: 6 | T20: 2 | Y20: =SUM(O20+Q20+S20+U20+W20) -> 17 | Z20: =SUM(P20+R20+T20+V20+X20) -> 10 | AA20: =Y20/(Y20+Z20) -> 0.62962963
A21: =wimbledons_champions!A29 -> 2012 | B21: =wimbledons_champions!B29 -> Men's | C21: R. Federer | D21: SUI | E21: Switzerland | F21: 3 | G21: =wimbledons_champions!G29 -> 204 | H21: =wimbledons_champions!H29 -> 4-6, 7-5, 6-3, 6-4 | I21: A. Murray | J21: GBR | K21: United Kingdom | L21: 4 | M21: 0.56097561 | O21: 4 | P21: 6 | Q21: 7 | R21: 5 | S21: 6 | T21: 3 | U21: 6 | V21: 4 | Y21: =SUM(O21+Q21+S21+U21+W21) -> 23 | Z21: =SUM(P21+R21+T21+V21+X21) -> 18 | AA21: =Y21/(Y21+Z21) -> 0.56097561
A22: =wimbledons_champions!A30 -> 2011 | B22: =wimbledons_champions!B30 -> Women's | C22: P. Kvitova | D22: CZE | E22: Czechia | F22: 8 | G22: =wimbledons_champions!G30 -> 85 | H22: =wimbledons_champions!H30 -> 6-3, 6-4 | I22: M. Sharapova | J22: RUS | K22: Russia | L22: 5 | M22: 0.63157895 | O22: 6 | P22: 3 | Q22: 6 | R22: 4 | Y22: =SUM(O22+Q22+S22+U22+W22) -> 12 | Z22: =SUM(P22+R22+T22+V22+X22) -> 7 | AA22: =Y22/(Y22+Z22) -> 0.63157895
A23: =wimbledons_champions!A31 -> 2011 | B23: =wimbledons_champions!B31 -> Men's | C23: N. Djokovic | D23: SRB | E23: Serbia | F23: 2 | G23: =wimbledons_champions!G31 -> 148 | H23: =wimbledons_champions!H31 -> 6-4 6-1 1-6 6-3 | I23: R. Nadal | J23: ESP | K23: Spain | L23: 1 | M23: 0.57575758 | O23: 6 | P23: 4 | Q23: 6 | R23: 1 | S23: 1 | T23: 6 | U23: 6 | V23: 3 | Y23: =SUM(O23+Q23+S23+U23+W23) -> 19 | Z23: =SUM(P23+R23+T23+V23+X23) -> 14 | AA23: =Y23/(Y23+Z23) -> 0.57575758
A24: =wimbledons_champions!A32 -> 2010 | B24: =wimbledons_champions!B32 -> Women's | C24: S. Williams | D24: USA | E24: United States | F24: 1 | G24: =wimbledons_champions!G32 -> 66 | H24: =wimbledons_champions!H32 -> 6-3, 6-2 | I24: V. Zvonareva | J24: RUS | K24: Russia | L24: 21 | M24: 0.70588235 | O24: 6 | P24: 3 | Q24: 6 | R24: 2 | Y24: =SUM(O24+Q24+S24+U24+W24) -> 12 | Z24: =SUM(P24+R24+T24+V24+X24) -> 5 | AA24: =Y24/(Y24+Z24) -> 0.70588235
A25: =wimbledons_champions!A33 -> 2010 | B25: =wimbledons_champions!B33 -> Men's | C25: R. Nadal | D25: ESP | E25: Spain | F25: 2 | G25: =wimbledons_champions!G33 -> 133 | H25: =wimbledons_champions!H33 -> 6-3, 7-5, 6-4 | I25: T. Berdych | J25: CZE | K25: Czechia | L25: 12 | M25: 0.61290323 | O25: 6 | P25: 3 | Q25: 7 | R25: 5 | S25: 6 | T25: 4 | Y25: =SUM(O25+Q25+S25+U25+W25) -> 19 | Z25: =SUM(P25+R25+T25+V25+X25) -> 12 | AA25: =Y25/(Y25+Z25) -> 0.61290323
A26: =wimbledons_champions!A34 -> 2009 | B26: =wimbledons_champions!B34 -> Women's | C26: S. Williams | D26: USA | E26: United States | F26: 2 | G26: =wimbledons_champions!G34 -> 87 | H26: =wimbledons_champions!H34 -> 7-6 (7-3), 6-2 | I26: V.E.S. Williams | J26: USA | K26: United States | L26: 3 | M26: 0.61904762 | O26: 7 | P26: 6 | Q26: 6 | R26: 2 | Y26: =SUM(O26+Q26+S26+U26+W26) -> 13 | Z26: =SUM(P26+R26+T26+V26+X26) -> 8 | AA26: =Y26/(Y26+Z26) -> 0.61904762
A27: =wimbledons_champions!A35 -> 2009 | B27: =wimbledons_champions!B35 -> Men's | C27: R. Federer | D27: SUI | E27: Switzerland | F27: 2 | G27: =wimbledons_champions!G35 -> 256 | H27: =wimbledons_champions!H35 -> 5-7, 7-6 (8-6), 7-6 (7-5), 3-6, 16-14 | I27: A. Roddick | J27: USA | K27: United States | L27: 6 | M27: 0.49350649 | O27: 5 | P27: 7 | Q27: 7 | R27: 6 | S27: 7 | T27: 6 | U27: 3 | V27: 6 | W27: 16 | X27: 14 | Y27: =SUM(O27+Q27+S27+U27+W27) -> 38 | Z27: =SUM(P27+R27+T27+V27+X27) -> 39 | AA27: =Y27/(Y27+Z27) -> 0.49350649
A28: =wimbledons_champions!A36 -> 2008 | B28: =wimbledons_champions!B36 -> Women's | C28: V.E.S. Williams | D28: USA | E28: United States | F28: 7 | G28: =wimbledons_champions!G36 -> 111 | H28: =wimbledons_champions!H36 -> 7-5, 6-4 | I28: S. Williams | J28: USA | K28: United States | L28: 6 | M28: 0.59090909 | O28: 7 | P28: 5 | Q28: 6 | R28: 4 | Y28: =SUM(O28+Q28+S28+U28+W28) -> 13 | Z28: =SUM(P28+R28+T28+V28+X28) -> 9 | AA28: =Y28/(Y28+Z28) -> 0.59090909
A29: =wimbledons_champions!A37 -> 2008 | B29: =wimbledons_champions!B37 -> Men's | C29: R. Nadal | D29: ESP | E29: Spain | F29: 2 | G29: =wimbledons_champions!G37 -> 288 | H29: =wimbledons_champions!H37 -> 6-4, 6-4, 6-7 (5-7), 6-7 (8-10), 9-7 | I29: R. Federer | J29: SUI | K29: Switzerland | L29: 1 | M29: 0.53225806 | O29: 6 | P29: 4 | Q29: 6 | R29: 4 | S29: 6 | T29: 7 | U29: 6 | V29: 7 | W29: 9 | X29: 7 | Y29: =SUM(O29+Q29+S29+U29+W29) -> 33 | Z29: =SUM(P29+R29+T29+V29+X29) -> 29 | AA29: =Y29/(Y29+Z29) -> 0.53225806
A30: =wimbledons_champions!A38 -> 2007 | B30: =wimbledons_champions!B38 -> Women's | C30: V.E.S. Williams | D30: USA | E30: United States | F30: 23 | G30: =wimbledons_champions!G38 -> 90 | H30: =wimbledons_champions!H38 -> 6-4, 6-1 | I30: M. Bartoli | J30: FRA | K30: France | L30: 18 | M30: 0.70588235 | O30: 6 | P30: 4 | Q30: 6 | R30: 1 | Y30: =SUM(O30+Q30+S30+U30+W30) -> 12 | Z30: =SUM(P30+R30+T30+V30+X30) -> 5 | AA30: =Y30/(Y30+Z30) -> 0.70588235
A31: =wimbledons_champions!A39 -> 2007 | B31: =wimbledons_champions!B39 -> Men's | C31: R. Federer | D31: SUI | E31: Switzerland | F31: 1 | G31: =wimbledons_champions!G39 -> 225 | H31: =wimbledons_champions!H39 -> 7-6 (9-7), 4-6, 7-6 (7-3), 2-6, 6-2 | I31: R. Nadal | J31: ESP | K31: Spain | L31: 2 | M31: 0.5 | O31: 7 | P31: 6 | Q31: 4 | R31: 6 | S31: 7 | T31: 6 | U31: 2 | V31: 6 | W31: 6 | X31: 2 | Y31: =SUM(O31+Q31+S31+U31+W31) -> 26 | Z31: =SUM(P31+R31+T31+V31+X31) -> 26 | AA31: =Y31/(Y31+Z31) -> 0.5
A32: =wimbledons_champions!A40 -> 2006 | B32: =wimbledons_champions!B40 -> Women's | C32: A. Mauresmo | D32: FRA | E32: France | F32: 1 | G32: =wimbledons_champions!G40 -> 122 | H32: =wimbledons_champions!H40 -> 2-6, 6-3, 6-4 | I32: PY. Hardenne | J32: BEL | K32: Belgium | L32: 3 | M32: 0.51851852 | O32: 2 | P32: 6 | Q32: 6 | R32: 3 | S32: 6 | T32: 4 | Y32: =SUM(O32+Q32+S32+U32+W32) -> 14 | Z32: =SUM(P32+R32+T32+V32+X32) -> 13 | AA32: =Y32/(Y32+Z32) -> 0.51851852
A33: =wimbledons_champions!A41 -> 2006 | B33: =wimbledons_champions!B41 -> Men's | C33: R. Federer | D33: SUI | E33: Switzerland | F33: 1 | G33: =wimbledons_champions!G41 -> 170 | H33: =wimbledons_champions!H41 -> 6-0, 7-6 (7-5), 6-7 (2-7), 6-3 | I33: R. Nadal | J33: ESP | K33: Spain | L33: 2 | M33: 0.6097561 | O33: 6 | P33: 0 | Q33: 7 | R33: 6 | S33: 6 | T33: 7 | U33: 6 | V33: 3 | Y33: =SUM(O33+Q33+S33+U33+W33) -> 25 | Z33: =SUM(P33+R33+T33+V33+X33) -> 16 | AA33: =Y33/(Y33+Z33) -> 0.6097561
A34: =wimbledons_champions!A42 -> 2005 | B34: =wimbledons_champions!B42 -> Women's | C34: V.E.S. Williams | D34: USA | E34: United States | F34: 14 | G34: =wimbledons_champions!G42 -> 166 | H34: =wimbledons_champions!H42 -> 4-6, 7-6 (7-4), 9-7 | I34: L.A. Davenport | J34: USA | K34: United States | L34: 1 | M34: 0.51282051 | O34: 4 | P34: 6 | Q34: 7 | R34: 6 | S34: 9 | T34: 7 | Y34: =SUM(O34+Q34+S34+U34+W34) -> 20 | Z34: =SUM(P34+R34+T34+V34+X34) -> 19 | AA34: =Y34/(Y34+Z34) -> 0.51282051
A35: =wimbledons_champions!A43 -> 2005 | B35: =wimbledons_champions!B43 -> Men's | C35: R. Federer | D35: SUI | E35: Switzerland | F35: 1 | G35: =wimbledons_champions!G43 -> 101 | H35: =wimbledons_champions!H43 -> 6-2, 7-6 (7-2), 6-4 | I35: A. Roddick | J35: USA | K35: United States | L35: 2 | M35: 0.61290323 | O35: 6 | P35: 2 | Q35: 7 | R35: 6 | S35: 6 | T35: 4 | Y35: =SUM(O35+Q35+S35+U35+W35) -> 19 | Z35: =SUM(P35+R35+T35+V35+X35) -> 12 | AA35: =Y35/(Y35+Z35) -> 0.61290323
A36: =wimbledons_champions!A44 -> 2004 | B36: =wimbledons_champions!B44 -> Women's | C36: M. Sharapova | D36: RUS | E36: Russia | F36: 13 | G36: =wimbledons_champions!G44 -> 74 | H36: =wimbledons_champions!H44 -> 6-1, 6-4 | I36: S. Williams | J36: USA | K36: United States | L36: 1 | M36: 0.70588235 | O36: 6 | P36: 1 | Q36: 6 | R36: 4 | Y36: =SUM(O36+Q36+S36+U36+W36) -> 12 | Z36: =SUM(P36+R36+T36+V36+X36) -> 5 | AA36: =Y36/(Y36+Z36) -> 0.70588235
A37: =wimbledons_champions!A45 -> 2004 | B37: =wimbledons_champions!B45 -> Men's | C37: R. Federer | D37: SUI | E37: Switzerland | F37: 1 | G37: =wimbledons_champions!G45 -> 151 | H37: =wimbledons_champions!H45 -> 4-6, 7-5, 7-6 (7-3), 6-4 | I37: A. Roddick | J37: USA | K37: United States | L37: 2 | M37: 0.53333333 | O37: 4 | P37: 6 | Q37: 7 | R37: 5 | S37: 7 | T37: 6 | U37: 6 | V37: 4 | Y37: =SUM(O37+Q37+S37+U37+W37) -> 24 | Z37: =SUM(P37+R37+T37+V37+X37) -> 21 | AA37: =Y37/(Y37+Z37) -> 0.53333333
A38: =wimbledons_champions!A46 -> 2003 | B38: =wimbledons_champions!B46 -> Women's | C38: S. Williams | D38: USA | E38: United States | F38: 1 | G38: =wimbledons_champions!G46 -> 123 | H38: =wimbledons_champions!H46 -> 4-6, 6-4, 6-2 | I38: V.E.S. Williams | J38: USA | K38: United States | L38: 4 | M38: 0.57142857 | O38: 4 | P38: 6 | Q38: 6 | R38: 4 | S38: 6 | T38: 2 | Y38: =SUM(O38+Q38+S38+U38+W38) -> 16 | Z38: =SUM(P38+R38+T38+V38+X38) -> 12 | AA38: =Y38/(Y38+Z38) -> 0.57142857
A39: =wimbledons_champions!A47 -> 2003 | B39: =wimbledons_champions!B47 -> Men's | C39: R. Federer | D39: SUI | E39: Switzerland | F39: 4 | G39: =wimbledons_champions!G47 -> 119 | H39: =wimbledons_champions!H47 -> 7-6 (7-5), 6-2, 7-6 (7-3) | I39: M. Philippousis | J39: AUS | K39: Australia | L39: U | M39: 0.58823529 | O39: 7 | P39: 6 | Q39: 6 | R39: 2 | S39: 7 | T39: 6 | Y39: =SUM(O39+Q39+S39+U39+W39) -> 20 | Z39: =SUM(P39+R39+T39+V39+X39) -> 14 | AA39: =Y39/(Y39+Z39) -> 0.58823529
A40: =wimbledons_champions!A48 -> 2002 | B40: =wimbledons_champions!B48 -> Women's | C40: S. Williams | D40: USA | E40: United States | F40: 2 | G40: =wimbledons_champions!G48 -> 78 | H40: =wimbledons_champions!H48 -> 7-6 (7-4), 6-3 | I40: V.E.S. Williams | J40: USA | K40: United States | L40: 1 | M40: 0.59090909 | O40: 7 | P40: 6 | Q40: 6 | R40: 3 | Y40: =SUM(O40+Q40+S40+U40+W40) -> 13 | Z40: =SUM(P40+R40+T40+V40+X40) -> 9 | AA40: =Y40/(Y40+Z40) -> 0.59090909
A41: =wimbledons_champions!A49 -> 2002 | B41: =wimbledons_champions!B49 -> Men's | C41: L.G. Hewitt | D41: AUS | E41: Australia | F41: 1 | G41: =wimbledons_champions!G49 -> 116 | H41: =wimbledons_champions!H49 -> 6-1, 6-3, 6-2 | I41: D.P. Nalbandian | J41: ARG | K41: Argentina | L41: 28 | M41: 0.75 | O41: 6 | P41: 1 | Q41: 6 | R41: 3 | S41: 6 | T41: 2 | Y41: =SUM(O41+Q41+S41+U41+W41) -> 18 | Z41: =SUM(P41+R41+T41+V41+X41) -> 6 | AA41: =Y41/(Y41+Z41) -> 0.75
A42: =wimbledons_champions!A50 -> 2001 | B42: =wimbledons_champions!B50 -> Women's | C42: V.E.S. Williams | D42: USA | E42: United States | F42: 2 | G42: =wimbledons_champions!G50 -> 69 | H42: =wimbledons_champions!H50 -> 6-1, 3-6, 6-0 | I42: J. Henin | J42: BEL | K42: Belgium | L42: 8 | M42: 0.68181818 | O42: 6 | P42: 1 | Q42: 3 | R42: 6 | S42: 6 | T42: 0 | Y42: =SUM(O42+Q42+S42+U42+W42) -> 15 | Z42: =SUM(P42+R42+T42+V42+X42) -> 7 | AA42: =Y42/(Y42+Z42) -> 0.68181818
A43: =wimbledons_champions!A51 -> 2001 | B43: =wimbledons_champions!B51 -> Men's | C43: G.S. Ivanisevic | D43: CRO | E43: Croatia | F43: WC | G43: =wimbledons_champions!G51 -> 182 | H43: =wimbledons_champions!H51 -> 6-3, 3-6, 6-3, 2-6, 9-7 | I43: P.M. Rafter | J43: AUS | K43: Australia | L43: 3 | M43: 0.50980392 | O43: 6 | P43: 3 | Q43: 3 | R43: 6 | S43: 6 | T43: 3 | U43: 2 | V43: 6 | W43: 9 | X43: 7 | Y43: =SUM(O43+Q43+S43+U43+W43) -> 26 | Z43: =SUM(P43+R43+T43+V43+X43) -> 25 | AA43: =Y43/(Y43+Z43) -> 0.50980392
A44: =wimbledons_champions!A52 -> 2000 | B44: =wimbledons_champions!B52 -> Women's | C44: V.E.S. Williams | D44: USA | E44: United States | F44: 5 | G44: =wimbledons_champions!G52 -> 84 | H44: =wimbledons_champions!H52 -> 6-3, 7-6 (7-3) | I44: L.A. Davenport | J44: USA | K44: United States | L44: 2 | M44: 0.59090909 | O44: 6 | P44: 3 | Q44: 7 | R44: 6 | Y44: =SUM(O44+Q44+S44+U44+W44) -> 13 | Z44: =SUM(P44+R44+T44+V44+X44) -> 9 | AA44: =Y44/(Y44+Z44) -> 0.59090909
A45: =wimbledons_champions!A53 -> 2000 | B45: =wimbledons_champions!B53 -> Men's | C45: P. Sampras | D45: USA | E45: United States | F45: 1 | G45: =wimbledons_champions!G53 -> 182 | H45: =wimbledons_champions!H53 -> 6-7 (10-12), 7-6 (7-5), 6-4, 6-2 | I45: P.M. Rafter | J45: AUS | K45: Australia | L45: 12 | M45: 0.56818182 | O45: 6 | P45: 7 | Q45: 7 | R45: 6 | S45: 6 | T45: 4 | U45: 6 | V45: 2 | Y45: =SUM(O45+Q45+S45+U45+W45) -> 25 | Z45: =SUM(P45+R45+T45+V45+X45) -> 19 | AA45: =Y45/(Y45+Z45) -> 0.56818182
A46: =wimbledons_champions!A54 -> 1999 | B46: =wimbledons_champions!B54 -> Women's | C46: L.A. Davenport | D46: USA | E46: United States | F46: 3 | G46: =wimbledons_champions!G54 -> 75 | H46: =wimbledons_champions!H54 -> 6-4, 7-5 | I46: S.M. Graf | J46: GER | K46: Germany | L46: 2 | M46: 0.59090909 | O46: 6 | P46: 4 | Q46: 7 | R46: 5 | Y46: =SUM(O46+Q46+S46+U46+W46) -> 13 | Z46: =SUM(P46+R46+T46+V46+X46) -> 9 | AA46: =Y46/(Y46+Z46) -> 0.59090909
A47: =wimbledons_champions!A55 -> 1999 | B47: =wimbledons_champions!B55 -> Men's | C47: P. Sampras | D47: USA | E47: United States | F47: 1 | G47: =wimbledons_champions!G55 -> 115 | H47: =wimbledons_champions!H55 -> 6-3, 6-4, 7-5 | I47: A.K. Agassi | J47: USA | K47: United States | L47: 4 | M47: 0.61290323 | O47: 6 | P47: 3 | Q47: 6 | R47: 4 | S47: 7 | T47: 5 | Y47: =SUM(O47+Q47+S47+U47+W47) -> 19 | Z47: =SUM(P47+R47+T47+V47+X47) -> 12 | AA47: =Y47/(Y47+Z47) -> 0.61290323
A48: =wimbledons_champions!A56 -> 1998 | B48: =wimbledons_champions!B56 -> Women's | C48: J. Novotna | D48: CZE | E48: Czechia | F48: 3 | G48: =wimbledons_champions!G56 -> 94 | H48: =wimbledons_champions!H56 -> 6-4, 7-6 (7-2) | I48: N. Tauziat | J48: FRA | K48: France | L48: 16 | M48: 0.56521739 | O48: 6 | P48: 4 | Q48: 7 | R48: 6 | Y48: =SUM(O48+Q48+S48+U48+W48) -> 13 | Z48: =SUM(P48+R48+T48+V48+X48) -> 10 | AA48: =Y48/(Y48+Z48) -> 0.56521739
A49: =wimbledons_champions!A57 -> 1998 | B49: =wimbledons_champions!B57 -> Men's | C49: P. Sampras | D49: USA | E49: United States | F49: 1 | G49: =wimbledons_champions!G57 -> 172 | H49: =wimbledons_champions!H57 -> 6-7 (2-7), 7-6 (11-9), 6-4, 3-6, 6-2 | I49: G.S. Ivanisevic | J49: CRO | K49: Croatia | L49: 14 | M49: 0.52830189 | O49: 6 | P49: 7 | Q49: 7 | R49: 6 | S49: 6 | T49: 4 | U49: 3 | V49: 6 | W49: 6 | X49: 2 | Y49: =SUM(O49+Q49+S49+U49+W49) -> 28 | Z49: =SUM(P49+R49+T49+V49+X49) -> 25 | AA49: =Y49/(Y49+Z49) -> 0.52830189
A50: =wimbledons_champions!A58 -> 1997 | B50: =wimbledons_champions!B58 -> Women's | C50: M. Hingis | D50: SUI | E50: Switzerland | F50: 1 | G50: =wimbledons_champions!G58 -> 110 | H50: =wimbledons_champions!H58 -> 2-6, 6-3, 6-3 | I50: J. Novotna | J50: CZE | K50: Czechia | L50: 3 | M50: 0.53846154 | O50: 2 | P50: 6 | Q50: 6 | R50: 3 | S50: 6 | T50: 3 | Y50: =SUM(O50+Q50+S50+U50+W50) -> 14 | Z50: =SUM(P50+R50+T50+V50+X50) -> 12 | AA50: =Y50/(Y50+Z50) -> 0.53846154
A51: =wimbledons_champions!A59 -> 1997 | B51: =wimbledons_champions!B59 -> Men's | C51: P. Sampras | D51: USA | E51: United States | F51: 1 | G51: =wimbledons_champions!G59 -> 94 | H51: =wimbledons_champions!H59 -> 6-4, 6-2, 6-4 | I51: C.A. Pioline | J51: FRA | K51: France | L51: U | M51: 0.64285714 | O51: 6 | P51: 4 | Q51: 6 | R51: 2 | S51: 6 | T51: 4 | Y51: =SUM(O51+Q51+S51+U51+W51) -> 18 | Z51: =SUM(P51+R51+T51+V51+X51) -> 10 | AA51: =Y51/(Y51+Z51) -> 0.64285714
A52: =wimbledons_champions!A60 -> 1996 | B52: =wimbledons_champions!B60 -> Women's | C52: S.M. Graf | D52: GER | E52: Germany | F52: 1 | G52: =wimbledons_champions!G60 -> 88 | H52: =wimbledons_champions!H60 -> 6-3, 7-5, | I52: A.I.M. Sanchez Vicario | J52: ESP | K52: Spain | L52: 4 | M52: 0.61904762 | O52: 6 | P52: 3 | Q52: 7 | R52: 5 | Y52: =SUM(O52+Q52+S52+U52+W52) -> 13 | Z52: =SUM(P52+R52+T52+V52+X52) -> 8 | AA52: =Y52/(Y52+Z52) -> 0.61904762
A53: =wimbledons_champions!A61 -> 1996 | B53: =wimbledons_champions!B61 -> Men's | C53: R.P.S. Krajicek | D53: NED | E53: Netherlands | F53: U | G53: =wimbledons_champions!G61 -> 94 | H53: =wimbledons_champions!H61 -> 6-3, 6-4, 6-3 | I53: M.O. Washington | J53: USA | K53: United States | L53: U | M53: 0.64285714 | O53: 6 | P53: 3 | Q53: 6 | R53: 4 | S53: 6 | T53: 3 | Y53: =SUM(O53+Q53+S53+U53+W53) -> 18 | Z53: =SUM(P53+R53+T53+V53+X53) -> 10 | AA53: =Y53/(Y53+Z53) -> 0.64285714
A54: =wimbledons_champions!A62 -> 1995 | B54: =wimbledons_champions!B62 -> Women's | C54: S.M. Graf | D54: GER | E54: Germany | F54: 1 | G54: =wimbledons_champions!G62 -> 122 | H54: =wimbledons_champions!H62 -> 4-6, 6-1, 7-5, | I54: A.I.M. Sanchez Vicario | J54: ESP | K54: Spain | L54: 2 | M54: 0.5862069 | O54: 4 | P54: 6 | Q54: 6 | R54: 1 | S54: 7 | T54: 5 | Y54: =SUM(O54+Q54+S54+U54+W54) -> 17 | Z54: =SUM(P54+R54+T54+V54+X54) -> 12 | AA54: =Y54/(Y54+Z54) -> 0.5862069
A55: =wimbledons_champions!A63 -> 1995 | B55: =wimbledons_champions!B63 -> Men's | C55: P. Sampras | D55: USA | E55: United States | F55: 2 | G55: =wimbledons_champions!G63 -> 149 | H55: =wimbledons_champions!H63 -> 6-7 (5-7), 6-2, 6-4, 6-2 | I55: B.F. Becker | J55: GER | K55: Germany | L55: 3 | M55: 0.61538462 | O55: 6 | P55: 7 | Q55: 6 | R55: 2 | S55: 6 | T55: 4 | U55: 6 | V55: 2 | Y55: =SUM(O55+Q55+S55+U55+W55) -> 24 | Z55: =SUM(P55+R55+T55+V55+X55) -> 15 | AA55: =Y55/(Y55+Z55) -> 0.61538462
A56: =wimbledons_champions!A64 -> 1994 | B56: =wimbledons_champions!B64 -> Women's | C56: I.C. Martinez | D56: ESP | E56: Spain | F56: 3 | G56: =wimbledons_champions!G64 -> 119 | H56: =wimbledons_champions!H64 -> 6-4, 3-6, 6-3, | I56: M. Navratilova | J56: USA | K56: United States | L56: 4 | M56: 0.53571429 | O56: 6 | P56: 4 | Q56: 3 | R56: 6 | S56: 6 | T56: 3 | Y56: =SUM(O56+Q56+S56+U56+W56) -> 15 | Z56: =SUM(P56+R56+T56+V56+X56) -> 13 | AA56: =Y56/(Y56+Z56) -> 0.53571429
A57: =wimbledons_champions!A65 -> 1994 | B57: =wimbledons_champions!B65 -> Men's | C57: P. Sampras | D57: USA | E57: United States | F57: 1 | G57: =wimbledons_champions!G65 -> 115 | H57: =wimbledons_champions!H65 -> 7-6 (7-2), 7-6 (7-5), 6-0 | I57: G.S. Ivanisevic | J57: CRO | K57: Croatia | L57: 4 | M57: 0.625 | O57: 7 | P57: 6 | Q57: 7 | R57: 6 | S57: 6 | T57: 0 | Y57: =SUM(O57+Q57+S57+U57+W57) -> 20 | Z57: =SUM(P57+R57+T57+V57+X57) -> 12 | AA57: =Y57/(Y57+Z57) -> 0.625
A58: =wimbledons_champions!A66 -> 1993 | B58: =wimbledons_champions!B66 -> Women's | C58: S.M. Graf | D58: GER | E58: Germany | F58: 1 | G58: =wimbledons_champions!G66 -> 134 | H58: =wimbledons_champions!H66 -> 7-6 (8-6), 1-6, 6-4, | I58: J. Novotna | J58: CZE | K58: Czechia | L58: 8 | M58: 0.46666667 | O58: 7 | P58: 6 | Q58: 1 | R58: 6 | S58: 6 | T58: 4 | Y58: =SUM(O58+Q58+S58+U58+W58) -> 14 | Z58: =SUM(P58+R58+T58+V58+X58) -> 16 | AA58: =Y58/(Y58+Z58) -> 0.46666667
A59: =wimbledons_champions!A67 -> 1993 | B59: =wimbledons_champions!B67 -> Men's | C59: P. Sampras | D59: USA | E59: United States | F59: 1 | G59: =wimbledons_champions!G67 -> 178 | H59: =wimbledons_champions!H67 -> 7-6 (7-3), 7-6 (8-6), 3-6, 6-3 | I59: J.S. Courier | J59: USA | K59: United States | L59: 3 | M59: 0.52272727 | O59: 7 | P59: 6 | Q59: 7 | R59: 6 | S59: 3 | T59: 6 | U59: 6 | V59: 3 | Y59: =SUM(O59+Q59+S59+U59+W59) -> 23 | Z59: =SUM(P59+R59+T59+V59+X59) -> 21 | AA59: =Y59/(Y59+Z59) -> 0.52272727
A60: =wimbledons_champions!A68 -> 1992 | B60: =wimbledons_champions!B68 -> Women's | C60: S.M. Graf | D60: GER | E60: Germany | F60: 2 | G60: =wimbledons_champions!G68 -> 58 | H60: =wimbledons_champions!H68 -> 6-2, 6-1, | I60: M. Seles | J60: YUG | K60: Yugoslavia | L60: 1 | M60: 0.8 | O60: 6 | P60: 2 | Q60: 6 | R60: 1 | Y60: =SUM(O60+Q60+S60+U60+W60) -> 12 | Z60: =SUM(P60+R60+T60+V60+X60) -> 3 | AA60: =Y60/(Y60+Z60) -> 0.8
A61: =wimbledons_champions!A69 -> 1992 | B61: =wimbledons_champions!B69 -> Men's | C61: A.K. Agassi | D61: USA | E61: United States | F61: 12 | G61: =wimbledons_champions!G69 -> 170 | H61: =wimbledons_champions!H69 -> 6-7 (8-10), 6-4, 6-4, 1-6, 6-4 | I61: G.S. Ivanisevic | J61: CRO | K61: Croatia | L61: 8 | M61: 0.5 | O61: 6 | P61: 7 | Q61: 6 | R61: 4 | S61: 6 | T61: 4 | U61: 1 | V61: 6 | W61: 6 | X61: 4 | Y61: =SUM(O61+Q61+S61+U61+W61) -> 25 | Z61: =SUM(P61+R61+T61+V61+X61) -> 25 | AA61: =Y61/(Y61+Z61) -> 0.5
A62: =wimbledons_champions!A70 -> 1991 | B62: =wimbledons_champions!B70 -> Women's | C62: S.M. Graf | D62: GER | E62: Germany | F62: 1 | G62: =wimbledons_champions!G70 -> 127 | H62: =wimbledons_champions!H70 -> 6-4, 3-6, 8-6, | I62: G.B. Sabatini | J62: ARG | K62: Argentina | L62: 2 | M62: 0.51515152 | O62: 6 | P62: 4 | Q62: 3 | R62: 6 | S62: 8 | T62: 6 | Y62: =SUM(O62+Q62+S62+U62+W62) -> 17 | Z62: =SUM(P62+R62+T62+V62+X62) -> 16 | AA62: =Y62/(Y62+Z62) -> 0.51515152
A63: =wimbledons_champions!A71 -> 1991 | B63: =wimbledons_champions!B71 -> Men's | C63: M.D. Stich | D63: GER | E63: Germany | F63: 6 | G63: =wimbledons_champions!G71 -> 153 | H63: =wimbledons_champions!H71 -> 6-4, 7-6 (7-4), 6-4 | I63: B.F. Becker | J63: GER | K63: Germany | L63: 2 | M63: 0.57575758 | O63: 6 | P63: 4 | Q63: 7 | R63: 6 | S63: 6 | T63: 4 | Y63: =SUM(O63+Q63+S63+U63+W63) -> 19 | Z63: =SUM(P63+R63+T63+V63+X63) -> 14 | AA63: =Y63/(Y63+Z63) -> 0.57575758
A64: =wimbledons_champions!A72 -> 1990 | B64: =wimbledons_champions!B72 -> Women's | C64: M. Navratilova | D64: USA | E64: United States | F64: 2 | G64: =wimbledons_champions!G72 -> 75 | H64: =wimbledons_champions!H72 -> 6-4, 6-1, | I64: Z.L. Garrison | J64: USA | K64: United States | L64: 5 | M64: 0.70588235 | O64: 6 | P64: 4 | Q64: 6 | R64: 1 | Y64: =SUM(O64+Q64+S64+U64+W64) -> 12 | Z64: =SUM(P64+R64+T64+V64+X64) -> 5 | AA64: =Y64/(Y64+Z64) -> 0.70588235
A65: =wimbledons_champions!A73 -> 1990 | B65: =wimbledons_champions!B73 -> Men's | C65: S.B. Edberg | D65: SWE | E65: Sweden | F65: 3 | G65: =wimbledons_champions!G73 -> 178 | H65: =wimbledons_champions!H73 -> 6-2, 6-2, 3-6, 3-6, 6-4 | I65: B.F. Becker | J65: GER | K65: Germany | L65: 2 | M65: 0.54545455 | O65: 6 | P65: 2 | Q65: 6 | R65: 2 | S65: 3 | T65: 6 | U65: 3 | V65: 6 | W65: 6 | X65: 4 | Y65: =SUM(O65+Q65+S65+U65+W65) -> 24 | Z65: =SUM(P65+R65+T65+V65+X65) -> 20 | AA65: =Y65/(Y65+Z65) -> 0.54545455
A66: =wimbledons_champions!A74 -> 1989 | B66: =wimbledons_champions!B74 -> Women's | C66: S.M. Graf | D66: GER | E66: Germany | F66: 1 | G66: =wimbledons_champions!G74 -> 92 | H66: =wimbledons_champions!H74 -> 6-2, 6-7 (1-7), 6-1, | I66: M. Navratilova | J66: USA | K66: United States | L66: 2 | M66: 0.64285714 | O66: 6 | P66: 2 | Q66: 6 | R66: 7 | S66: 6 | T66: 1 | Y66: =SUM(O66+Q66+S66+U66+W66) -> 18 | Z66: =SUM(P66+R66+T66+V66+X66) -> 10 | AA66: =Y66/(Y66+Z66) -> 0.64285714
A67: =wimbledons_champions!A75 -> 1989 | B67: =wimbledons_champions!B75 -> Men's | C67: B.F. Becker | D67: GER | E67: Germany | F67: 3 | G67: =wimbledons_champions!G75 -> 132 | H67: =wimbledons_champions!H75 -> 6-0, 7-6 (7-1), 6-4 | I67: S.B. Edberg | J67: SWE | K67: Sweden | L67: 2 | M67: 0.65517241 | O67: 6 | P67: 0 | Q67: 7 | R67: 6 | S67: 6 | T67: 4 | Y67: =SUM(O67+Q67+S67+U67+W67) -> 19 | Z67: =SUM(P67+R67+T67+V67+X67) -> 10 | AA67: =Y67/(Y67+Z67) -> 0.65517241
A68: =wimbledons_champions!A76 -> 1988 | B68: =wimbledons_champions!B76 -> Women's | C68: S.M. Graf | D68: GER | E68: Germany | F68: 1 | G68: =wimbledons_champions!G76 -> 93 | H68: =wimbledons_champions!H76 -> 5-7, 6-2, 6-1, | I68: M. Navratilova | J68: USA | K68: United States | L68: 2 | M68: 0.62962963 | O68: 5 | P68: 7 | Q68: 6 | R68: 2 | S68: 6 | T68: 1 | Y68: =SUM(O68+Q68+S68+U68+W68) -> 17 | Z68: =SUM(P68+R68+T68+V68+X68) -> 10 | AA68: =Y68/(Y68+Z68) -> 0.62962963
A69: =wimbledons_champions!A77 -> 1988 | B69: =wimbledons_champions!B77 -> Men's | C69: S.B. Edberg | D69: SWE | E69: Sweden | F69: 3 | G69: =wimbledons_champions!G77 -> 170 | H69: =wimbledons_champions!H77 -> 4-6, 7-6 (7-2), 6-4, 6-2 | I69: B.F. Becker | J69: GER | K69: Germany | L69: 6 | M69: 0.56097561 | O69: 4 | P69: 6 | Q69: 7 | R69: 6 | S69: 6 | T69: 4 | U69: 6 | V69: 2 | Y69: =SUM(O69+Q69+S69+U69+W69) -> 23 | Z69: =SUM(P69+R69+T69+V69+X69) -> 18 | AA69: =Y69/(Y69+Z69) -> 0.56097561
A70: =wimbledons_champions!A78 -> 1987 | B70: =wimbledons_champions!B78 -> Women's | C70: M. Navratilova | D70: USA | E70: United States | F70: 1 | G70: =wimbledons_champions!G78 -> 69 | H70: =wimbledons_champions!H78 -> 7-5, 6-3, | I70: S.M. Graf | J70: GER | K70: Germany | L70: 2 | M70: 0.61904762 | O70: 7 | P70: 5 | Q70: 6 | R70: 3 | Y70: =SUM(O70+Q70+S70+U70+W70) -> 13 | Z70: =SUM(P70+R70+T70+V70+X70) -> 8 | AA70: =Y70/(Y70+Z70) -> 0.61904762
A71: =wimbledons_champions!A79 -> 1987 | B71: =wimbledons_champions!B79 -> Men's | C71: P.H. Cash | D71: AUS | E71: Australia | F71: 11 | G71: =wimbledons_champions!G79 -> 165 | H71: =wimbledons_champions!H79 -> 7-6 (7-5), 6-2, 7-5 | I71: I. Lendl | J71: TCH | K71: Czechoslovakia | L71: 2 | M71: 0.60606061 | O71: 7 | P71: 6 | Q71: 6 | R71: 2 | S71: 7 | T71: 5 | Y71: =SUM(O71+Q71+S71+U71+W71) -> 20 | Z71: =SUM(P71+R71+T71+V71+X71) -> 13 | AA71: =Y71/(Y71+Z71) -> 0.60606061
A72: =wimbledons_champions!A80 -> 1986 | B72: =wimbledons_champions!B80 -> Women's | C72: M. Navratilova | D72: USA | E72: United States | F72: 1 | G72: =wimbledons_champions!G80 -> 72 | H72: =wimbledons_champions!H80 -> 7-6 (7-1), 6-3, | I72: H. Mandlikova | J72: TCH | K72: Czechoslovakia | L72: 3 | M72: 0.59090909 | O72: 7 | P72: 6 | Q72: 6 | R72: 3 | Y72: =SUM(O72+Q72+S72+U72+W72) -> 13 | Z72: =SUM(P72+R72+T72+V72+X72) -> 9 | AA72: =Y72/(Y72+Z72) -> 0.59090909
A73: =wimbledons_champions!A81 -> 1986 | B73: =wimbledons_champions!B81 -> Men's | C73: B.F. Becker | D73: GER | E73: Germany | F73: 4 | G73: =wimbledons_champions!G81 -> 122 | H73: =wimbledons_champions!H81 -> 6-4, 6-3, 7-5 | I73: I. Lendl | J73: TCH | K73: Czechoslovakia | L73: 1 | M73: 0.61290323 | O73: 6 | P73: 4 | Q73: 6 | R73: 3 | S73: 7 | T73: 5 | Y73: =SUM(O73+Q73+S73+U73+W73) -> 19 | Z73: =SUM(P73+R73+T73+V73+X73) -> 12 | AA73: =Y73/(Y73+Z73) -> 0.61290323
A74: =wimbledons_champions!A82 -> 1985 | B74: =wimbledons_champions!B82 -> Women's | C74: M. Navratilova | D74: USA | E74: United States | F74: 1 | G74: =wimbledons_champions!G82 -> 107 | H74: =wimbledons_champions!H82 -> 4-6, 6-3, 6-2, | I74: J.M. Lloyd | J74: USA | K74: United States | L74: 1 | M74: 0.59259259 | O74: 4 | P74: 6 | Q74: 6 | R74: 3 | S74: 6 | T74: 2 | Y74: =SUM(O74+Q74+S74+U74+W74) -> 16 | Z74: =SUM(P74+R74+T74+V74+X74) -> 11 | AA74: =Y74/(Y74+Z74) -> 0.59259259
A75: =wimbledons_champions!A83 -> 1985 | B75: =wimbledons_champions!B83 -> Men's | C75: B.F. Becker | D75: GER | E75: Germany | F75: U | G75: =wimbledons_champions!G83 -> 198 | H75: =wimbledons_champions!H83 -> 6-3, 6-7 (4-7), 7-6 (7-3), 6-4 | I75: K.M. Curren | J75: USA | K75: United States | L75: 8 | M75: 0.55555556 | O75: 6 | P75: 3 | Q75: 6 | R75: 7 | S75: 7 | T75: 6 | U75: 6 | V75: 4 | Y75: =SUM(O75+Q75+S75+U75+W75) -> 25 | Z75: =SUM(P75+R75+T75+V75+X75) -> 20 | AA75: =Y75/(Y75+Z75) -> 0.55555556
A76: =wimbledons_champions!A84 -> 1984 | B76: =wimbledons_champions!B84 -> Women's | C76: M. Navratilova | D76: USA | E76: United States | F76: 1 | G76: =wimbledons_champions!G84 -> 84 | H76: =wimbledons_champions!H84 -> 7-6 (7-5), 6-2, | I76: J.M. Lloyd | J76: USA | K76: United States | L76: 2 | M76: 0.61904762 | O76: 7 | P76: 6 | Q76: 6 | R76: 2 | Y76: =SUM(O76+Q76+S76+U76+W76) -> 13 | Z76: =SUM(P76+R76+T76+V76+X76) -> 8 | AA76: =Y76/(Y76+Z76) -> 0.61904762
A77: =wimbledons_champions!A85 -> 1984 | B77: =wimbledons_champions!B85 -> Men's | C77: J.P. McEnroe | D77: USA | E77: United States | F77: 1 | G77: =wimbledons_champions!G85 -> 80 | H77: =wimbledons_champions!H85 -> 6-1, 6-1, 6-2 | I77: J.S. Connors | J77: USA | K77: United States | L77: 3 | M77: 0.81818182 | O77: 6 | P77: 1 | Q77: 6 | R77: 1 | S77: 6 | T77: 2 | Y77: =SUM(O77+Q77+S77+U77+W77) -> 18 | Z77: =SUM(P77+R77+T77+V77+X77) -> 4 | AA77: =Y77/(Y77+Z77) -> 0.81818182
A78: =wimbledons_champions!A86 -> 1983 | B78: =wimbledons_champions!B86 -> Women's | C78: M. Navratilova | D78: USA | E78: United States | F78: 1 | G78: =wimbledons_champions!G86 -> 54 | H78: =wimbledons_champions!H86 -> 6-0, 6-3, | I78: A. Jaeger | J78: USA | K78: United States | L78: 3 | M78: 0.8 | O78: 6 | P78: 0 | Q78: 6 | R78: 3 | Y78: =SUM(O78+Q78+S78+U78+W78) -> 12 | Z78: =SUM(P78+R78+T78+V78+X78) -> 3 | AA78: =Y78/(Y78+Z78) -> 0.8
A79: =wimbledons_champions!A87 -> 1983 | B79: =wimbledons_champions!B87 -> Men's | C79: J.P. McEnroe | D79: USA | E79: United States | F79: 2 | G79: =wimbledons_champions!G87 -> 85 | H79: =wimbledons_champions!H87 -> 6-2, 6-2, 6-2 | I79: C.J. Lewis | J79: NZL | K79: New Zealand | L79: U | M79: 0.75 | O79: 6 | P79: 2 | Q79: 6 | R79: 2 | S79: 6 | T79: 2 | Y79: =SUM(O79+Q79+S79+U79+W79) -> 18 | Z79: =SUM(P79+R79+T79+V79+X79) -> 6 | AA79: =Y79/(Y79+Z79) -> 0.75
A80: =wimbledons_champions!A88 -> 1982 | B80: =wimbledons_champions!B88 -> Women's | C80: M. Navratilova | D80: USA | E80: United States | F80: 1 | G80: =wimbledons_champions!G88 -> 87 | H80: =wimbledons_champions!H88 -> 6-1, 3-6, 6-2, | I80: J.M. Lloyd | J80: USA | K80: United States | L80: 2 | M80: 0.625 | O80: 6 | P80: 1 | Q80: 3 | R80: 6 | S80: 6 | T80: 2 | Y80: =SUM(O80+Q80+S80+U80+W80) -> 15 | Z80: =SUM(P80+R80+T80+V80+X80) -> 9 | AA80: =Y80/(Y80+Z80) -> 0.625
A81: =wimbledons_champions!A89 -> 1982 | B81: =wimbledons_champions!B89 -> Men's | C81: J.S. Connors | D81: USA | E81: United States | F81: 2 | G81: =wimbledons_champions!G89 -> 256 | H81: =wimbledons_champions!H89 -> 3-6, 6-3, 6-7 (2-7), 7-6 (7-5), 6-4 | I81: J.P. McEnroe | J81: USA | K81: United States | L81: 1 | M81: 0.51851852 | O81: 3 | P81: 6 | Q81: 6 | R81: 3 | S81: 6 | T81: 7 | U81: 7 | V81: 6 | W81: 6 | X81: 4 | Y81: =SUM(O81+Q81+S81+U81+W81) -> 28 | Z81: =SUM(P81+R81+T81+V81+X81) -> 26 | AA81: =Y81/(Y81+Z81) -> 0.51851852
A82: =wimbledons_champions!A90 -> 1981 | B82: =wimbledons_champions!B90 -> Women's | C82: J.M. Lloyd | D82: USA | E82: United States | F82: 1 | G82: =wimbledons_champions!G90 -> 60 | H82: =wimbledons_champions!H90 -> 6-2, 6-2, | I82: H. Mandlikova | J82: TCH | K82: Czechoslovakia | L82: 2 | M82: 0.75 | O82: 6 | P82: 2 | Q82: 6 | R82: 2 | Y82: =SUM(O82+Q82+S82+U82+W82) -> 12 | Z82: =SUM(P82+R82+T82+V82+X82) -> 4 | AA82: =Y82/(Y82+Z82) -> 0.75
A83: =wimbledons_champions!A91 -> 1981 | B83: =wimbledons_champions!B91 -> Men's | C83: J.P. McEnroe | D83: USA | E83: United States | F83: 2 | G83: =wimbledons_champions!G91 -> 202 | H83: =wimbledons_champions!H91 -> 4-6, 7-6 (7-1), 7-6 (7-4), 6-4 | I83: B.R. Borg | J83: SWE | K83: Sweden | L83: 1 | M83: 0.52173913 | O83: 4 | P83: 6 | Q83: 7 | R83: 6 | S83: 7 | T83: 6 | U83: 6 | V83: 4 | Y83: =SUM(O83+Q83+S83+U83+W83) -> 24 | Z83: =SUM(P83+R83+T83+V83+X83) -> 22 | AA83: =Y83/(Y83+Z83) -> 0.52173913
A84: =wimbledons_champions!A92 -> 1980 | B84: =wimbledons_champions!B92 -> Women's | C84: R.A. Cawley | D84: AUS | E84: Australia | F84: 4 | G84: =wimbledons_champions!G92 -> 93 | H84: =wimbledons_champions!H92 -> 6-1, 7-6 (7-4) | I84: J.M. Lloyd | J84: USA | K84: United States | L84: 3 | M84: 0.65 | O84: 6 | P84: 1 | Q84: 7 | R84: 6 | Y84: =SUM(O84+Q84+S84+U84+W84) -> 13 | Z84: =SUM(P84+R84+T84+V84+X84) -> 7 | AA84: =Y84/(Y84+Z84) -> 0.65
A85: =wimbledons_champions!A93 -> 1980 | B85: =wimbledons_champions!B93 -> Men's | C85: B.R. Borg | D85: SWE | E85: Sweden | F85: 1 | G85: =wimbledons_champions!G93 -> 233 | H85: =wimbledons_champions!H93 -> 1-6, 7-5, 6-3, 6-7 (16-18), 8-6 | I85: J.P. McEnroe | J85: USA | K85: United States | L85: 2 | M85: 0.50909091 | O85: 1 | P85: 6 | Q85: 7 | R85: 5 | S85: 6 | T85: 3 | U85: 6 | V85: 7 | W85: 8 | X85: 6 | Y85: =SUM(O85+Q85+S85+U85+W85) -> 28 | Z85: =SUM(P85+R85+T85+V85+X85) -> 27 | AA85: =Y85/(Y85+Z85) -> 0.50909091
A86: =wimbledons_champions!A94 -> 1979 | B86: =wimbledons_champions!B94 -> Women's | C86: M. Navratilova | D86: USA | E86: United States | F86: 1 | G86: =wimbledons_champions!G94 -> 60 | H86: =wimbledons_champions!H94 -> 6-4, 6-4, | I86: J.M. Lloyd | J86: USA | K86: United States | L86: 2 | M86: 0.6 | O86: 6 | P86: 4 | Q86: 6 | R86: 4 | Y86: =SUM(O86+Q86+S86+U86+W86) -> 12 | Z86: =SUM(P86+R86+T86+V86+X86) -> 8 | AA86: =Y86/(Y86+Z86) -> 0.6
A87: =wimbledons_champions!A95 -> 1979 | B87: =wimbledons_champions!B95 -> Men's | C87: B.R. Borg | D87: SWE | E87: Sweden | F87: 1 | G87: =wimbledons_champions!G95 -> 169 | H87: =wimbledons_champions!H95 -> 6-7(4-7), 6-1, 3-6, 6-3, 6-4 | I87: R. Tanner | J87: USA | K87: United States | L87: 5 | M87: 0.5625 | O87: 6 | P87: 7 | Q87: 6 | R87: 1 | S87: 3 | T87: 6 | U87: 6 | V87: 3 | W87: 6 | X87: 4 | Y87: =SUM(O87+Q87+S87+U87+W87) -> 27 | Z87: =SUM(P87+R87+T87+V87+X87) -> 21 | AA87: =Y87/(Y87+Z87) -> 0.5625
A88: =wimbledons_champions!A96 -> 1978 | B88: =wimbledons_champions!B96 -> Women's | C88: M. Navratilova | D88: USA | E88: United States | F88: 2 | G88: =wimbledons_champions!G96 -> 102 | H88: =wimbledons_champions!H96 -> 2-6, 6-4, 7-5, | I88: C.M. Evert | J88: USA | K88: United States | L88: 1 | M88: 0.5 | O88: 2 | P88: 6 | Q88: 6 | R88: 4 | S88: 7 | T88: 5 | Y88: =SUM(O88+Q88+S88+U88+W88) -> 15 | Z88: =SUM(P88+R88+T88+V88+X88) -> 15 | AA88: =Y88/(Y88+Z88) -> 0.5
A89: =wimbledons_champions!A97 -> 1978 | B89: =wimbledons_champions!B97 -> Men's | C89: B.R. Borg | D89: SWE | E89: Sweden | F89: 1 | G89: =wimbledons_champions!G97 -> 108 | H89: =wimbledons_champions!H97 -> 6-2, 6-2, 6-3 | I89: J.S. Connors | J89: USA | K89: United States | L89: 2 | M89: 0.72 | O89: 6 | P89: 2 | Q89: 6 | R89: 2 | S89: 6 | T89: 3 | Y89: =SUM(O89+Q89+S89+U89+W89) -> 18 | Z89: =SUM(P89+R89+T89+V89+X89) -> 7 | AA89: =Y89/(Y89+Z89) -> 0.72
A90: =wimbledons_champions!A98 -> 1977 | B90: =wimbledons_champions!B98 -> Women's | C90: S.V. Wade | D90: GBR | E90: United Kingdom | F90: 3 | G90: =wimbledons_champions!G98 -> 98 | H90: =wimbledons_champions!H98 -> 4-6, 6-3, 6-1, | I90: B.F. Stove | J90: NED | K90: Netherlands | L90: 7 | M90: 0.61538462 | O90: 4 | P90: 6 | Q90: 6 | R90: 3 | S90: 6 | T90: 1 | Y90: =SUM(O90+Q90+S90+U90+W90) -> 16 | Z90: =SUM(P90+R90+T90+V90+X90) -> 10 | AA90: =Y90/(Y90+Z90) -> 0.61538462
A91: =wimbledons_champions!A99 -> 1977 | B91: =wimbledons_champions!B99 -> Men's | C91: B.R. Borg | D91: SWE | E91: Sweden | F91: 2 | G91: =wimbledons_champions!G99 -> 194 | H91: =wimbledons_champions!H99 -> 3-6, 6-2, 6-1, 5-7, 6-4 | I91: J.S. Connors | J91: USA | K91: United States | L91: 1 | M91: 0.56521739 | O91: 3 | P91: 6 | Q91: 6 | R91: 2 | S91: 6 | T91: 1 | U91: 5 | V91: 7 | W91: 6 | X91: 4 | Y91: =SUM(O91+Q91+S91+U91+W91) -> 26 | Z91: =SUM(P91+R91+T91+V91+X91) -> 20 | AA91: =Y91/(Y91+Z91) -> 0.56521739
A92: =wimbledons_champions!A100 -> 1976 | B92: =wimbledons_champions!B100 -> Women's | C92: C.M. Evert | D92: USA | E92: United States | F92: 1 | G92: =wimbledons_champions!G100 -> 120 | H92: =wimbledons_champions!H100 -> 6-3, 4-6, 8-6, | I92: R.A. Cawley | J92: AUS | K92: Australia | L92: 2 | M92: 0.54545455 | O92: 6 | P92: 3 | Q92: 4 | R92: 6 | S92: 8 | T92: 6 | Y92: =SUM(O92+Q92+S92+U92+W92) -> 18 | Z92: =SUM(P92+R92+T92+V92+X92) -> 15 | AA92: =Y92/(Y92+Z92) -> 0.54545455
A93: =wimbledons_champions!A101 -> 1976 | B93: =wimbledons_champions!B101 -> Men's | C93: B.R. Borg | D93: SWE | E93: Sweden | F93: 4 | G93: =wimbledons_champions!G101 -> 110 | H93: =wimbledons_champions!H101 -> 6-4, 6-2, 9-7 | I93: I. Nastase | J93: ROM | K93: Romania | L93: 3 | M93: 0.61764706 | O93: 6 | P93: 4 | Q93: 6 | R93: 2 | S93: 9 | T93: 7 | Y93: =SUM(O93+Q93+S93+U93+W93) -> 21 | Z93: =SUM(P93+R93+T93+V93+X93) -> 13 | AA93: =Y93/(Y93+Z93) -> 0.61764706
A94: =wimbledons_champions!A102 -> 1975 | B94: =wimbledons_champions!B102 -> Women's | C94: L.W. King | D94: USA | E94: United States | F94: 3 | G94: =wimbledons_champions!G102 -> 38 | H94: =wimbledons_champions!H102 -> 6-0, 6-1, | I94: R.A. Cawley | J94: AUS | K94: Australia | L94: 4 | M94: 0.92307692 | O94: 6 | P94: 0 | Q94: 6 | R94: 1 | Y94: =SUM(O94+Q94+S94+U94+W94) -> 12 | Z94: =SUM(P94+R94+T94+V94+X94) -> 1 | AA94: =Y94/(Y94+Z94) -> 0.92307692
A95: =wimbledons_champions!A103 -> 1975 | B95: =wimbledons_champions!B103 -> Men's | C95: A.R. Ashe | D95: USA | E95: United States | F95: 6 | G95: =wimbledons_champions!G103 -> 125 | H95: =wimbledons_champions!H103 -> 6-1, 6-1, 5-7, 6-4 | I95: J.S. Connors | J95: USA | K95: United States | L95: 1 | M95: 0.63888889 | O95: 6 | P95: 1 | Q95: 6 | R95: 1 | S95: 5 | T95: 7 | U95: 6 | V95: 4 | Y95: =SUM(O95+Q95+S95+U95+W95) -> 23 | Z95: =SUM(P95+R95+T95+V95+X95) -> 13 | AA95: =Y95/(Y95+Z95) -> 0.63888889
A96: =wimbledons_champions!A104 -> 1974 | B96: =wimbledons_champions!B104 -> Women's | C96: C.M. Evert | D96: USA | E96: United States | F96: 2 | G96: =wimbledons_champions!G104 -> 59 | H96: =wimbledons_champions!H104 -> 6-0, 6-4 | I96: O.V. Morozova | J96: URS | K96: Soviet Union | L96: 8 | M96: 0.75 | O96: 6 | P96: 0 | Q96: 6 | R96: 4 | Y96: =SUM(O96+Q96+S96+U96+W96) -> 12 | Z96: =SUM(P96+R96+T96+V96+X96) -> 4 | AA96: =Y96/(Y96+Z96) -> 0.75
A97: =wimbledons_champions!A105 -> 1974 | B97: =wimbledons_champions!B105 -> Men's | C97: J.S. Connors | D97: USA | E97: United States | F97: 3 | G97: =wimbledons_champions!G105 -> 93 | H97: =wimbledons_champions!H105 -> 6-1, 6-1, 6-4 | I97: K.R. Rosewall | J97: AUS | K97: Australia | L97: 9 | M97: 0.75 | O97: 6 | P97: 1 | Q97: 6 | R97: 1 | S97: 6 | T97: 4 | Y97: =SUM(O97+Q97+S97+U97+W97) -> 18 | Z97: =SUM(P97+R97+T97+V97+X97) -> 6 | AA97: =Y97/(Y97+Z97) -> 0.75
A98: =wimbledons_champions!A106 -> 1973 | B98: =wimbledons_champions!B106 -> Women's | C98: L.W. King | D98: USA | E98: United States | F98: 2 | G98: =wimbledons_champions!G106 -> 53 | H98: =wimbledons_champions!H106 -> 6-0, 7-5 | I98: C.M. Evert | J98: USA | K98: United States | L98: 4 | M98: 0.72222222 | O98: 6 | P98: 0 | Q98: 7 | R98: 5 | Y98: =SUM(O98+Q98+S98+U98+W98) -> 13 | Z98: =SUM(P98+R98+T98+V98+X98) -> 5 | AA98: =Y98/(Y98+Z98) -> 0.72222222
A99: =wimbledons_champions!A107 -> 1973 | B99: =wimbledons_champions!B107 -> Men's | C99: J. Kodes | D99: CZE | E99: Czechia | F99: 2 | G99: =wimbledons_champions!G107 -> 110 | H99: =wimbledons_champions!H107 -> 6-1, 9-8(7-5), 6-3 | I99: A. Metreveli | J99: URS | K99: Soviet Union | L99: 4 | M99: 0.63636364 | O99: 6 | P99: 1 | Q99: 9 | R99: 8 | S99: 6 | T99: 3 | Y99: =SUM(O99+Q99+S99+U99+W99) -> 21 | Z99: =SUM(P99+R99+T99+V99+X99) -> 12 | AA99: =Y99/(Y99+Z99) -> 0.63636364
A100: =wimbledons_champions!A108 -> 1972 | B100: =wimbledons_champions!B108 -> Women's | C100: L.W. King | D100: USA | E100: United States | F100: 2 | G100: =wimbledons_champions!G108 -> 50 | H100: =wimbledons_champions!H108 -> 6-3, 6-3, | I100: E.F. Goolagong | J100: AUS | K100: Australia | L100: 1 | M100: 0.66666667 | O100: 6 | P100: 3 | Q100: 6 | R100: 3 | Y100: =SUM(O100+Q100+S100+U100+W100) -> 12 | Z100: =SUM(P100+R100+T100+V100+X100) -> 6 | AA100: =Y100/(Y100+Z100) -> 0.66666667
...

Sheet Map
A1: Year | B1: Gender | C1: Champion | D1: Champion Nationality | E1: Champion Country | F1: Champion Seed | G1: Mins | H1: Score | I1: Runner-up | J1: Runner-up Nationality | K1: Runner-up Country | L1: Runner-up Seed
A2: 2019 | B2: Women's | C2: S.Halep | D2: ROU | E2: Romania | F2: 7 | G2: 56 | H2: 6-2,6-2 | I2: S. Williams | J2: USA | K2: United States | L2: 11
A3: 2019 | B3: Men's | C3: N. Djokovic | D3: SRB | E3: Serbia | F3: 1 | G3: 297 | H3: 7-6,1-6,7-6,4-6,7-6 | I3: R. Federer | J3: SUI | K3: Switzerland | L3: 2
A4: 2018 | B4: Women's | C4: A.Kerber | D4: GER | E4: Germany | F4: 11 | G4: 65 | H4: 6-3,6-3 | I4: S. Williams | J4: USA | K4: United States | L4: 25
A5: 2018 | B5: Men's | C5: N. Djokovic | D5: SRB | E5: Serbia | F5: 12 | G5: 170 | H5: 6-2,6-2,7-6 | I5: K.Anderson | J5: RSA | K5: South Africa | L5: 8
A6: 2017 | B6: Women's | C6: G.Muguruza | D6: ESP | E6: Spain | F6: 14 | G6: 77 | H6: 7-5,6-0 | I6: V.E.S Williams | J6: USA | K6: United States | L6: 10
A7: 2017 | B7: Men's | C7: R. Federer | D7: SUI | E7: Switzerland | F7: 3 | G7: 101 | H7: 6-3,6-1,6-4 | I7: M.Cilic | J7: HRV | K7: Croatiaatia | L7: 7
A8: 2016 | B8: Women's | C8: S. Williams | D8: USA | E8: United States | F8: 1 | G8: 83 | H8: 7-5, 6-3 | I8: A. Kerber | J8: GER | K8: Germany | L8: 4
A9: 2016 | B9: Men's | C9: A. Murray | D9: GBR | E9: United Kingdom | F9: 2 | G9: 170 | H9: 6-4, 7-6, 7-6 | I9: M. Raonic | J9: CND | K9: Canada | L9: 6
A10: 2015 | B10: Women's | C10: S. Williams | D10: USA | E10: United States | F10: 1 | G10: 83 | H10: 6-4, 6-4 | I10: G. Muguruza | J10: ESP | K10: Spain | L10: 20
A11: 2015 | B11: Men's | C11: N. Djokovic | D11: SRB | E11: Serbia | F11: 1 | G11: 176 | H11: 7-6, 6-7, 6-4, 6-3 | I11: R. Federer | J11: SUI | K11: Switzerland | L11: 2
A12: 2014 | B12: Women's | C12: P. Kvitová | D12: CZE | E12: Czechia | F12: 6 | G12: 55 | H12: 6-3, 6-0 | I12: E. Bouchard | J12: CND | K12: Canada | L12: 13
A13: 2014 | B13: Men's | C13: N. Djokovic | D13: SRB | E13: Serbia | F13: 1 | G13: 236 | H13: 6-7, 6-4, 7-64, 5-7, 6-4 | I13: R. Federer | J13: SUI | K13: Switzerland | L13: 4
... A34: 2003 | B34: Women's | C34: S. Williams | D34: USA | E34: United States | F34: 1 | G34: 123 | H34: 4-6, 6-4, 6-2 | I34: V.E.S. Williams | J34: USA | K34: United States | L34: 4
A35: 2003 | B35: Men's | C35: R. Federer | D35: SUI | E35: Switzerland | F35: 4 | G35: 119 | H35: 7-6 (7-5), 6-2, 7-6 (7-3) | I35: M. Philippousis | J35: AUS | K35: Australia | L35: U
A36: 2002 | B36: Women's | C36: S. Williams | D36: USA | E36: United States | F36: 2 | G36: 78 | H36: 7-6 (7-4), 6-3 | I36: V.E.S. Williams | J36: USA | K36: United States | L36: 1
A37: 2002 | B37: Men's | C37: L.G. Hewitt | D37: AUS | E37: Australia | F37: 1 | G37: 116 | H37: 6-1, 6-3, 6-2 | I37: D.P. Nalbandian | J37: ARG | K37: Argentina | L37: 28
A38: 2001 | B38: Women's | C38: V.E.S. Williams | D38: USA | E38: United States | F38: 2 | G38: 69 | H38: 6-1, 3-6, 6-0 | I38: J. Henin | J38: BEL | K38: Belgium | L38: 8
A39: 2001 | B39: Men's | C39: G.S. Ivanisevic | D39: CRO | E39: Croatia | G39: 182 | H39: 6-3, 3-6, 6-3, 2-6, 9-7 | I39: P.M. Rafter | J39: AUS | K39: Australia | L39: 3
A40: 2000 | B40: Women's | C40: V.E.S. Williams | D40: USA | E40: United States | F40: 5 | G40: 84 | H40: 6-3, 7-6 (7-3) | I40: L.A. Davenport | J40: USA | K40: United States | L40: 2
A41: 2000 | B41: Men's | C41: P. Sampras | D41: USA | E41: United States | F41: 1 | G41: 182 | H41: 6-7 (10-12), 7-6 (7-5), 6-4, 6-2 | I41: P.M. Rafter | J41: AUS | K41: Australia | L41: 12
A42: 1999 | B42: Women's | C42: L.A. Davenport | D42: USA | E42: United States | F42: 3 | G42: 75 | H42: 6-4, 7-5 | I42: S.M. Graf | J42: GER | K42: Germany | L42: 2
A43: 1999 | B43: Men's | C43: P. Sampras | D43: USA | E43: United States | F43: 1 | G43: 115 | H43: 6-3, 6-4, 7-5 | I43: A.K. Agassi | J43: USA | K43: United States | L43: 4
A44: 1998 | B44: Women's | C44: J. Novotna | D44: CZE | E44: Czechia | F44: 3 | G44: 94 | H44: 6-4, 7-6 (7-2) | I44: N. Tauziat | J44: FRA | K44: France | L44: 16
A45: 1998 | B45: Men's | C45: P. Sampras | D45: USA | E45: United States | F45: 1 | G45: 172 | H45: 6-7 (2-7), 7-6 (11-9), 6-4, 3-6, 6-2 | I45: G.S. Ivanisevic | J45: CRO | K45: Croatia | L45: 14
A46: 1997 | B46: Women's | C46: M. Hingis | D46: SUI | E46: Switzerland | F46: 1 | G46: 110 | H46: 2-6, 6-3, 6-3 | I46: J. Novotna | J46: CZE | K46: Czechia | L46: 3
A47: 1997 | B47: Men's | C47: P. Sampras | D47: USA | E47: United States | F47: 1 | G47: 94 | H47: 6-4, 6-2, 6-4 | I47: C.A. Pioline | J47: FRA | K47: France | L47: U
A48: 1996 | B48: Women's | C48: S.M. Graf | D48: GER | E48: Germany | F48: 1 | G48: 88 | H48: 6-3, 7-5, | I48: A.I.M. Sanchez Vicario | J48: ESP | K48: Spain | L48: 4
A49: 1996 | B49: Men's | C49: R.P.S. Krajicek | D49: NED | E49: Netherlands | G49: 94 | H49: 6-3, 6-4, 6-3 | I49: M.O. Washington | J49: USA | K49: United States | L49: U
A50: 1995 | B50: Women's | C50: S.M. Graf | D50: GER | E50: Germany | F50: 1 | G50: 122 | H50: 4-6, 6-1, 7-5, | I50: A.I.M. Sanchez Vicario | J50: ESP | K50: Spain | L50: 2
A51: 1995 | B51: Men's | C51: P. Sampras | D51: USA | E51: United States | F51: 2 | G51: 149 | H51: 6-7 (5-7), 6-2, 6-4, 6-2 | I51: B.F. Becker | J51: GER | K51: Germany | L51: 3
A52: 1994 | B52: Women's | C52: I.C. Martinez | D52: ESP | E52: Spain | F52: 3 | G52: 119 | H52: 6-4, 3-6, 6-3, | I52: M. Navratilova | J52: USA | K52: United States | L52: 4
A53: 1994 | B53: Men's | C53: P. Sampras | D53: USA | E53: United States | F53: 1 | G53: 115 | H53: 7-6 (7-2), 7-6 (7-5), 6-0 | I53: G.S. Ivanisevic | J53: CRO | K53: Croatia | L53: 4
A54: 1993 | B54: Women's | C54: S.M. Graf | D54: GER | E54: Germany | F54: 1 | G54: 134 | H54: 7-6 (8-6), 1-6, 6-4, | I54: J. Novotna | J54: CZE | K54: Czechia | L54: 8
A55: 1993 | B55: Men's | C55: P. Sampras | D55: USA | E55: United States | F55: 1 | G55: 178 | H55: 7-6 (7-3), 7-6 (8-6), 3-6, 6-3 | I55: J.S. Courier | J55: USA | K55: United States | L55: 3
A56: 1992 | B56: Women's | C56: S.M. Graf | D56: GER | E56: Germany | F56: 2 | G56: 58 | H56: 6-2, 6-1, | I56: M. Seles | J56: YUG | K56: Yugoslavia | L56: 1
A57: 1992 | B57: Men's | C57: A.K. Agassi | D57: USA | E57: United States | F57: 12 | G57: 170 | H57: 6-7 (8-10), 6-4, 6-4, 1-6, 6-4 | I57: G.S. Ivanisevic | J57: CRO | K57: Croatia | L57: 8
A58: 1991 | B58: Women's | C58: S.M. Graf | D58: GER | E58: Germany | F58: 1 | G58: 127 | H58: 6-4, 3-6, 8-6, | I58: G.B. Sabatini | J58: ARG | K58: Argentina | L58: 2
A59: 1991 | B59: Men's | C59: M.D. Stich | D59: GER | E59: Germany | F59: 6 | G59: 153 | H59: 6-4, 7-6 (7-4), 6-4 | I59: B.F. Becker | J59: GER | K59: Germany | L59: 2
A60: 1990 | B60: Women's | C60: M. Navratilova | D60: USA | E60: United States | F60: 2 | G60: 75 | H60: 6-4, 6-1, | I60: Z.L. Garrison | J60: USA | K60: United States | L60: 5
A61: 1990 | B61: Men's | C61: S.B. Edberg | D61: SWE | E61: Sweden | F61: 3 | G61: 178 | H61: 6-2, 6-2, 3-6, 3-6, 6-4 | I61: B.F. Becker | J61: GER | K61: Germany | L61: 2
... A70: 1985 | B70: Women's | C70: M. Navratilova | D70: USA | E70: United States | F70: 1 | G70: 107 | H70: 4-6, 6-3, 6-2, | I70: J.M. Lloyd | J70: USA | K70: United States | L70: 1
A71: 1985 | B71: Men's | C71: B.F. Becker | D71: GER | E71: Germany | G71: 198 | H71: 6-3, 6-7 (4-7), 7-6 (7-3), 6-4 | I71: K.M. Curren | J71: USA | K71: United States | L71: 8
A72: 1984 | B72: Women's | C72: M. Navratilova | D72: USA | E72: United States | F72: 1 | G72: 84 | H72: 7-6 (7-5), 6-2, | I72: J.M. Lloyd | J72: USA | K72: United States | L72: 2
A73: 1984 | B73: Men's | C73: J.P. McEnroe | D73: USA | E73: United States | F73: 1 | G73: 80 | H73: 6-1, 6-1, 6-2 | I73: J.S. Connors | J73: USA | K73: United States | L73: 3
A74: 1983 | B74: Women's | C74: M. Navratilova | D74: USA | E74: United States | F74: 1 | G74: 54 | H74: 6-0, 6-3, | I74: A. Jaeger | J74: USA | K74: United States | L74: 3
A75: 1983 | B75: Men's | C75: J.P. McEnroe | D75: USA | E75: United States | F75: 2 | G75: 85 | H75: 6-2, 6-2, 6-2 | I75: C.J. Lewis | J75: NZL | K75: New Zealand | L75: U
A76: 1982 | B76: Women's | C76: M. Navratilova | D76: USA | E76: United States | F76: 1 | G76: 87 | H76: 6-1, 3-6, 6-2, | I76: J.M. Lloyd | J76: USA | K76: United States | L76: 2
A77: 1982 | B77: Men's | C77: J.S. Connors | D77: USA | E77: United States | F77: 2 | G77: 256 | H77: 3-6, 6-3, 6-7 (2-7), 7-6 (7-5), 6-4 | I77: J.P. McEnroe | J77: USA | K77: United States | L77: 1
A78: 1981 | B78: Women's | C78: J.M. Lloyd | D78: USA | E78: United States | F78: 1 | G78: 60 | H78: 6-2, 6-2, | I78: H. Mandlikova | J78: TCH | K78: Czechoslovakia | L78: 2
A79: 1981 | B79: Men's | C79: J.P. McEnroe | D79: USA | E79: United States | F79: 2 | G79: 202 | H79: 4-6, 7-6 (7-1), 7-6 (7-4), 6-4 | I79: B.R. Borg | J79: SWE | K79: SweDenmark | L79: 1
A80: 1980 | B80: Women's | C80: R.A. Cawley | D80: AUS | E80: Australia | F80: 4 | G80: 93 | H80: 6-1, 7-6 (7-4) | I80: J.M. Lloyd | J80: USA | K80: United States | L80: 3
A81: 1980 | B81: Men's | C81: B.R. Borg | D81: SWE | E81: Sweden | F81: 1 | G81: 233 | H81: 1-6, 7-5, 6-3, 6-7 (16-18), 8-6 | I81: J.P. McEnroe | J81: USA | K81: United States | L81: 2
A82: 1979 | B82: Women's | C82: M. Navratilova | D82: USA | E82: United States | F82: 1 | G82: 60 | H82: 6-4, 6-4, | I82: J.M. Lloyd | J82: USA | K82: United States | L82: 2
A83: 1979 | B83: Men's | C83: B.R. Borg | D83: SWE | E83: Sweden | F83: 1 | G83: 169 | H83: 6-7(4-7), 6-1, 3-6, 6-3, 6-4 | I83: R. Tanner | J83: USA | K83: United States | L83: 5
A84: 1978 | B84: Women's | C84: M. Navratilova | D84: USA | E84: United States | F84: 2 | G84: 102 | H84: 2-6, 6-4, 7-5, | I84: C.M. Evert | J84: USA | K84: United States | L84: 1
A85: 1978 | B85: Men's | C85: B.R. Borg | D85: SWE | E85: Sweden | F85: 1 | G85: 108 | H85: 6-2, 6-2, 6-3 | I85: J.S. Connors | J85: USA | K85: United States | L85: 2
A86: 1977 | B86: Women's | C86: S.V. Wade | D86: GBR | E86: United Kingdom | F86: 3 | G86: 98 | H86: 4-6, 6-3, 6-1, | I86: B.F. Stove | J86: NED | K86: Netherlands | L86: 7
A87: 1977 | B87: Men's | C87: B.R. Borg | D87: SWE | E87: Sweden | F87: 2 | G87: 194 | H87: 3-6, 6-2, 6-1, 5-7, 6-4 | I87: J.S. Connors | J87: USA | K87: United States | L87: 1
... A106: 1967 | B106: Women's | C106: L.W. King | D106: USA | E106: United States | F106: 1 | G106: 60 | H106: 6-3, 6-4, | I106: P.F. Jones | J106: GBR | K106: United Kingdom | L106: 3
A107: 1967 | B107: Men's | C107: J.D. Newcombe | D107: AUS | E107: Australia | F107: 3 | G107: 71 | H107: 6-3, 6-1, 6-1 | I107: W.P. Bungert | J107: GER | K107: Germany | L107: U
A108: 1966 | B108: Women's | C108: L.W. King | D108: USA | E108: United States | F108: 4 | G108: 68 | H108: 6-3, 3-6, 6-1, | I108: M.E.A. Bueno | J108: BRA | K108: Brazil | L108: 2
A109: 1966 | B109: Men's | C109: M.M. Santana | D109: ESP | E109: Spain | F109: 4 | G109: 104 | H109: 6-4, 11-9, 6-4 | I109: R.D. Ralston | J109: USA | K109: United States | L109: 6
A110: 1965 | B110: Women's | C110: M. Smith | D110: AUS | E110: Australia | F110: 2 | G110: 56 | H110: 6-4, 7-5, | I110: M.E.A. Bueno | J110: BRA | K110: Brazil | L110: 1
A111: 1965 | B111: Men's | C111: R.S. Emerson | D111: AUS | E111: Australia | F111: 1 | G111: 67 | H111: 6-2, 6-4, 6-4 | I111: F.S. Stolle | J111: AUS | K111: Australia | L111: 2
A112: 1964 | B112: Women's | C112: M.E.A. Bueno | D112: BRA | E112: Brazil | F112: 2 | G112: 90 | H112: 6-4, 7-9, 6-3, | I112: M. Smith | J112: AUS | K112: Australia | L112: 1
A113: 1964 | B113: Men's | C113: R.S. Emerson | D113: AUS | E113: Australia | F113: 1 | G113: 127 | H113: 6-4, 12-10, 4-6, 6-3 | I113: F.S. Stolle | J113: AUS | K113: Australia | L113: 6
A114: 1963 | B114: Women's | C114: M. Smith | D114: AUS | E114: Australia | F114: 1 | G114: 51 | H114: 6-3, 6-4, | I114: B.J. Moffitt | J114: USA | K114: United States
A115: 1963 | B115: Men's | C115: C.R. McKinley | D115: USA | E115: United States | F115: 4 | G115: 78 | H115: 9-7, 6-1, 6-4 | I115: F.S. Stolle | J115: AUS | K115: Australia | L115: U
A116: 1962 | B116: Women's | C116: J.R. Susman | D116: USA | E116: United States | F116: 8 | G116: 57 | H116: 6-4, 6-4, | I116: C. Sukova | J116: TCH | K116: Czechoslovakia
A117: 1962 | B117: Men's | C117: R.G. Laver | D117: AUS | E117: Australia | F117: 1 | G117: 51 | H117: 6-2, 6-2, 6-1 | I117: M.F. Mulligan | J117: AUS | K117: Australia | L117: U
A118: 1961 | B118: Women's | C118: F.A.M. Mortimer | D118: GBR | E118: United Kingdom | F118: 7 | G118: 96 | H118: 4-6, 6-4, 7-5, | I118: C.C. Truman | J118: GBR | K118: United Kingdom | L118: 6
A119: 1961 | B119: Men's | C119: R.G. Laver | D119: AUS | E119: Australia | F119: 2 | G119: 55 | H119: 6-3, 6-1, 6-4 | I119: C.R. McKinley | J119: USA | K119: United States | L119: 8
A120: 1960 | B120: Women's | C120: M.E.A. Bueno | D120: BRA | E120: Brazil | F120: 1 | G120: 59 | H120: 8-6, 6-0 | I120: S. Reynolds | J120: RSA | K120: South Africa | L120: 8
A121: 1960 | B121: Men's | C121: N.A. Fraser | D121: AUS | E121: Australia | F121: 1 | G121: 130 | H121: 6-4, 3-6, 9-7, 7-5 | I121: R.G. Laver | J121: AUS | K121: Australia | L121: 3
A122: 1959 | B122: Women's | C122: M.E.A. Bueno | D122: BRA | E122: Brazil | F122: 6 | G122: 43 | H122: 6-4, 6-3, | I122: D.R. Hard | J122: USA | K122: United States | L122: 4
A123: 1959 | B123: Men's | C123: A.R. Olmedo | D123: USA | E123: United States | F123: 1 | G123: 71 | H123: 6-4, 6-3, 6-4 | I123: R.G. Laver | J123: AUS | K123: Australia | L123: U
A124: 1958 | B124: Women's | C124: A. Gibson | D124: USA | E124: United States | F124: 1 | G124: 62 | H124: 8-6, 6-2, | I124: F.A.M. Mortimer | J124: GBR | K124: United Kingdom
A125: 1958 | B125: Men's | C125: A.J. Cooper | D125: AUS | E125: Australia | F125: 1 | G125: 130 | H125: 3-6, 6-3, 6-4, 13-11 | I125: N.A. Fraser | J125: AUS | K125: Australia | L125: 4
A126: 1957 | B126: Women's | C126: A. Gibson | D126: USA | E126: United States | F126: 1 | G126: 50 | H126: 6-3, 6-2, | I126: D.R. Hard | J126: USA | K126: United States | L126: 5
A127: 1957 | B127: Men's | C127: L.A. Hoad | D127: AUS | E127: Australia | F127: 1 | G127: 57 | H127: 6-2, 6-1, 6-2 | I127: A.J. Cooper | J127: AUS | K127: Australia | L127: 2
A128: 1956 | B128: Women's | C128: S.J. Fry | D128: USA | E128: United States | F128: 5 | G128: 50 | H128: 6-3, 6-1, | I128: A. Buxton | J128: GBR | K128: United Kingdom | L128: 6
A129: 1956 | B129: Men's | C129: L.A. Hoad | D129: AUS | E129: Australia | F129: 1 | G129: 117 | H129: 6-2, 4-6, 7-5, 6-4 | I129: K.R. Rosewall | J129: AUS | K129: Australia | L129: 2
A130: 1955 | B130: Women's | C130: A.L. Brough | D130: USA | E130: United States | F130: 2 | G130: 90 | H130: 7-5, 8-6, | I130: J.G. Fleitz | J130: USA | K130: United States | L130: 3
A131: 1955 | B131: Men's | C131: M.A. Trabert | D131: USA | E131: United States | F131: 1 | G131: 73 | H131: 6-3, 7-5, 6-1 | I131: K. Nielsen | J131: DEN | K131: Denmark | L131: U
A132: 1954 | B132: Women's | C132: M.C. Connolly | D132: USA | E132: United States | F132: 1 | G132: 50 | H132: 6-2, 7-5, | I132: A.L. Brough | J132: USA | K132: United States | L132: 4
A133: 1954 | B133: Men's | C133: J. Drobny | D133: CZE | E133: Czechia | F133: 11 | G133: 157 | H133: 13-11, 4-6, 6-2, 9-7 | I133: K.R. Rosewall | J133: AUS | K133: Australia | L133: 3
A134: 1953 | B134: Women's | C134: M.C. Connolly | D134: USA | E134: United States | F134: 1 | G134: 67 | H134: 8-6, 7-5, | I134: D.J. Hart | J134: USA | K134: United States | L134: 2
A135: 1953 | B135: Men's | C135: E.V. Seixas | D135: USA | E135: United States | F135: 2 | G135: 80 | H135: 9-7, 6-3, 6-4 | I135: K. Nielsen | J135: DEN | K135: Denmark | L135: U
A136: 1952 | B136: Women's | C136: M.C. Connolly | D136: USA | E136: United States | F136: 2 | G136: 65 | H136: 7-5, 6-3, | I136: A.L. Brough | J136: USA | K136: United States | L136: 4
A137: 1952 | B137: Men's | C137: F.A. Sedgman | D137: AUS | E137: Australia | F137: 1 | G137: 80 | H137: 4-6, 6-2, 6-3, 6-2 | I137: J. Drobny | J137: CZE | K137: Czechia | L137: 2
A138: 1951 | B138: Women's | C138: D.J. Hart | D138: USA | E138: United States | F138: 3 | G138: 35 | H138: 6-1, 6-0 | I138: S.J. Fry | J138: USA | K138: United States | L138: 4
A139: 1951 | B139: Men's | C139: R. Savitt | D139: USA | E139: United States | F139: 6 | G139: 62 | H139: 6-4, 6-4, 6-4 | I139: K.B. McGregor | J139: AUS | K139: Australia | L139: 7
A140: 1950 | B140: Women's | C140: A.L. Brough | D140: USA | E140: United States | F140: 1 | G140: 62 | H140: 6-1, 3-6, 6-1, | I140: W. du Pont | J140: USA | K140: United States | L140: 2
A141: 1950 | B141: Men's | C141: J.E. Patty | D141: USA | E141: United States | F141: 5 | G141: 120 | H141: 6-1, 8-10, 6-2, 6-3 | I141: F.A. Sedgman | J141: AUS | K141: Australia | L141: 1
A142: 1949 | B142: Women's | C142: A.L. Brough | D142: USA | E142: United States | F142: 1 | G142: 120 | H142: 10-8, 1-6, 10-8, | I142: W. du Pont | J142: USA | K142: United States | L142: 2
A143: 1949 | B143: Men's | C143: F.R. Schroeder | D143: USA | E143: United States | F143: 1 | G143: 100 | H143: 3-6, 6-0, 6-3, 4-6, 6-4 | I143: J. Drobny | J143: CZE | K143: Czechia | L143: 6
A144: 1948 | B144: Women's | C144: A.L. Brough | D144: USA | E144: United States | F144: 2 | G144: 76 | H144: 6-3, 8-6, | I144: D.J. Hart | J144: USA | K144: United States | L144: 4
A145: 1948 | B145: Men's | C145: R. Falkenburg | D145: USA | E145: United States | F145: 7 | G145: 125 | H145: 7-5, 0-6, 6-2, 3-6, 7-5 | I145: J.E. Bromwich | J145: AUS | K145: Australia | L145: 2
A146: 1947 | B146: Women's | C146: M.E. Osborne | D146: USA | E146: United States | F146: 1 | H146: 6-2, 6-4, | I146: D.J. Hart | J146: USA | K146: United States | L146: 3
...

Sheet visual pattern
A1: Year | B1: Gender | C1: Champion | D1: Champion Seed | E1: Mins | F1: Score | G1: Runner-up | H1: Runner-up Seed
A2: 2019 | B2: Women's | C2: S.Halep | D2: 7 | E2: 56 | F2: 6-2,6-2 | G2: S. Williams | H2: 11
A3: 2019 | B3: Men's | C3: N. Djokovic | D3: 1 | E3: 297 | F3: 7-6,1-6,7-6,4-6,7-6 | G3: R. Federer | H3: 2
A4: 2018 | B4: Women's | C4: A.Kerber | D4: 11 | E4: 65 | F4: 6-3,6-3 | G4: S. Williams | H4: 25
A5: 2018 | B5: Men's | C5: N. Djokovic | D5: 12 | E5: 170 | F5: 6-2,6-2,7-6 | G5: K.Anderson | H5: 8
A6: 2017 | B6: Women's | C6: G.Muguruza | D6: 14 | E6: 77 | F6: 7-5,6-0 | G6: V.E.S Williams | H6: 10
A7: 2017 | B7: Men's | C7: R. Federer | D7: 3 | E7: 101 | F7: 6-3,6-1,6-4 | G7: M.Cilic | H7: 7
A8: 2016 | B8: Women's | C8: S. Williams | D8: 1 | E8: 83 | F8: 7-5, 6-3 | G8: A. Kerber | H8: 4
A9: 2016 | B9: Men's | C9: A. Murray | D9: 2 | E9: 170 | F9: 6-4, 7-6, 7-6 | G9: M. Raonic | H9: 6
A10: 2015 | B10: Women's | C10: S. Williams | D10: 1 | E10: 83 | F10: 6-4, 6-4 | G10: G. Muguruza | H10: 20
A11: 2015 | B11: Men's | C11: N. Djokovic | D11: 1 | E11: 176 | F11: 7-6, 6-7, 6-4, 6-3 | G11: R. Federer | H11: 2
A12: 2014 | B12: Women's | C12: P. Kvitová | D12: 6 | E12: 55 | F12: 6-3, 6-0 | G12: E. Bouchard | H12: 13
A13: 2014 | B13: Men's | C13: N. Djokovic | D13: 1 | E13: 236 | F13: 6-7, 6-4, 7-64, 5-7, 6-4 | G13: R. Federer | H13: 4
... A34: 2003 | B34: Women's | C34: S. Williams | D34: 1 | E34: 123 | F34: 4-6, 6-4, 6-2 | G34: V.E.S. Williams | H34: 4
A35: 2003 | B35: Men's | C35: R. Federer | D35: 4 | E35: 119 | F35: 7-6 (7-5), 6-2, 7-6 (7-3) | G35: M. Philippousis | H35: U
A36: 2002 | B36: Women's | C36: S. Williams | D36: 2 | E36: 78 | F36: 7-6 (7-4), 6-3 | G36: V.E.S. Williams | H36: 1
A37: 2002 | B37: Men's | C37: L.G. Hewitt | D37: 1 | E37: 116 | F37: 6-1, 6-3, 6-2 | G37: D.P. Nalbandian | H37: 28
A38: 2001 | B38: Women's | C38: V.E.S. Williams | D38: 2 | E38: 69 | F38: 6-1, 3-6, 6-0 | G38: J. Henin | H38: 8
A39: 2001 | B39: Men's | C39: G.S. Ivanisevic | E39: 182 | F39: 6-3, 3-6, 6-3, 2-6, 9-7 | G39: P.M. Rafter | H39: 3
A40: 2000 | B40: Women's | C40: V.E.S. Williams | D40: 5 | E40: 84 | F40: 6-3, 7-6 (7-3) | G40: L.A. Davenport | H40: 2
A41: 2000 | B41: Men's | C41: P. Sampras | D41: 1 | E41: 182 | F41: 6-7 (10-12), 7-6 (7-5), 6-4, 6-2 | G41: P.M. Rafter | H41: 12
A42: 1999 | B42: Women's | C42: L.A. Davenport | D42: 3 | E42: 75 | F42: 6-4, 7-5 | G42: S.M. Graf | H42: 2
A43: 1999 | B43: Men's | C43: P. Sampras | D43: 1 | E43: 115 | F43: 6-3, 6-4, 7-5 | G43: A.K. Agassi | H43: 4
A44: 1998 | B44: Women's | C44: J. Novotna | D44: 3 | E44: 94 | F44: 6-4, 7-6 (7-2) | G44: N. Tauziat | H44: 16
A45: 1998 | B45: Men's | C45: P. Sampras | D45: 1 | E45: 172 | F45: 6-7 (2-7), 7-6 (11-9), 6-4, 3-6, 6-2 | G45: G.S. Ivanisevic | H45: 14
A46: 1997 | B46: Women's | C46: M. Hingis | D46: 1 | E46: 110 | F46: 2-6, 6-3, 6-3 | G46: J. Novotna | H46: 3
A47: 1997 | B47: Men's | C47: P. Sampras | D47: 1 | E47: 94 | F47: 6-4, 6-2, 6-4 | G47: C.A. Pioline | H47: U
A48: 1996 | B48: Women's | C48: S.M. Graf | D48: 1 | E48: 88 | F48: 6-3, 7-5, | G48: A.I.M. Sanchez Vicario | H48: 4
A49: 1996 | B49: Men's | C49: R.P.S. Krajicek | E49: 94 | F49: 6-3, 6-4, 6-3 | G49: M.O. Washington | H49: U
A50: 1995 | B50: Women's | C50: S.M. Graf | D50: 1 | E50: 122 | F50: 4-6, 6-1, 7-5, | G50: A.I.M. Sanchez Vicario | H50: 2
A51: 1995 | B51: Men's | C51: P. Sampras | D51: 2 | E51: 149 | F51: 6-7 (5-7), 6-2, 6-4, 6-2 | G51: B.F. Becker | H51: 3
A52: 1994 | B52: Women's | C52: I.C. Martinez | D52: 3 | E52: 119 | F52: 6-4, 3-6, 6-3, | G52: M. Navratilova | H52: 4
A53: 1994 | B53: Men's | C53: P. Sampras | D53: 1 | E53: 115 | F53: 7-6 (7-2), 7-6 (7-5), 6-0 | G53: G.S. Ivanisevic | H53: 4
A54: 1993 | B54: Women's | C54: S.M. Graf | D54: 1 | E54: 134 | F54: 7-6 (8-6), 1-6, 6-4, | G54: J. Novotna | H54: 8
A55: 1993 | B55: Men's | C55: P. Sampras | D55: 1 | E55: 178 | F55: 7-6 (7-3), 7-6 (8-6), 3-6, 6-3 | G55: J.S. Courier | H55: 3
A56: 1992 | B56: Women's | C56: S.M. Graf | D56: 2 | E56: 58 | F56: 6-2, 6-1, | G56: M. Seles | H56: 1
A57: 1992 | B57: Men's | C57: A.K. Agassi | D57: 12 | E57: 170 | F57: 6-7 (8-10), 6-4, 6-4, 1-6, 6-4 | G57: G.S. Ivanisevic | H57: 8
A58: 1991 | B58: Women's | C58: S.M. Graf | D58: 1 | E58: 127 | F58: 6-4, 3-6, 8-6, | G58: G.B. Sabatini | H58: 2
A59: 1991 | B59: Men's | C59: M.D. Stich | D59: 6 | E59: 153 | F59: 6-4, 7-6 (7-4), 6-4 | G59: B.F. Becker | H59: 2
A60: 1990 | B60: Women's | C60: M. Navratilova | D60: 2 | E60: 75 | F60: 6-4, 6-1, | G60: Z.L. Garrison | H60: 5
A61: 1990 | B61: Men's | C61: S.B. Edberg | D61: 3 | E61: 178 | F61: 6-2, 6-2, 3-6, 3-6, 6-4 | G61: B.F. Becker | H61: 2
... A70: 1985 | B70: Women's | C70: M. Navratilova | D70: 1 | E70: 107 | F70: 4-6, 6-3, 6-2, | G70: J.M. Lloyd | H70: 1
A71: 1985 | B71: Men's | C71: B.F. Becker | E71: 198 | F71: 6-3, 6-7 (4-7), 7-6 (7-3), 6-4 | G71: K.M. Curren | H71: 8
A72: 1984 | B72: Women's | C72: M. Navratilova | D72: 1 | E72: 84 | F72: 7-6 (7-5), 6-2, | G72: J.M. Lloyd | H72: 2
A73: 1984 | B73: Men's | C73: J.P. McEnroe | D73: 1 | E73: 80 | F73: 6-1, 6-1, 6-2 | G73: J.S. Connors | H73: 3
A74: 1983 | B74: Women's | C74: M. Navratilova | D74: 1 | E74: 54 | F74: 6-0, 6-3, | G74: A. Jaeger | H74: 3
A75: 1983 | B75: Men's | C75: J.P. McEnroe | D75: 2 | E75: 85 | F75: 6-2, 6-2, 6-2 | G75: C.J. Lewis | H75: U
A76: 1982 | B76: Women's | C76: M. Navratilova | D76: 1 | E76: 87 | F76: 6-1, 3-6, 6-2, | G76: J.M. Lloyd | H76: 2
A77: 1982 | B77: Men's | C77: J.S. Connors | D77: 2 | E77: 256 | F77: 3-6, 6-3, 6-7 (2-7), 7-6 (7-5), 6-4 | G77: J.P. McEnroe | H77: 1
A78: 1981 | B78: Women's | C78: J.M. Lloyd | D78: 1 | E78: 60 | F78: 6-2, 6-2, | G78: H. Mandlikova | H78: 2
A79: 1981 | B79: Men's | C79: J.P. McEnroe | D79: 2 | E79: 202 | F79: 4-6, 7-6 (7-1), 7-6 (7-4), 6-4 | G79: B.R. Borg | H79: 1
A80: 1980 | B80: Women's | C80: R.A. Cawley | D80: 4 | E80: 93 | F80: 6-1, 7-6 (7-4) | G80: J.M. Lloyd | H80: 3
A81: 1980 | B81: Men's | C81: B.R. Borg | D81: 1 | E81: 233 | F81: 1-6, 7-5, 6-3, 6-7 (16-18), 8-6 | G81: J.P. McEnroe | H81: 2
A82: 1979 | B82: Women's | C82: M. Navratilova | D82: 1 | E82: 60 | F82: 6-4, 6-4, | G82: J.M. Lloyd | H82: 2
A83: 1979 | B83: Men's | C83: B.R. Borg | D83: 1 | E83: 169 | F83: 6-7(4-7), 6-1, 3-6, 6-3, 6-4 | G83: R. Tanner | H83: 5
A84: 1978 | B84: Women's | C84: M. Navratilova | D84: 2 | E84: 102 | F84: 2-6, 6-4, 7-5, | G84: C.M. Evert | H84: 1
A85: 1978 | B85: Men's | C85: B.R. Borg | D85: 1 | E85: 108 | F85: 6-2, 6-2, 6-3 | G85: J.S. Connors | H85: 2
A86: 1977 | B86: Women's | C86: S.V. Wade | D86: 3 | E86: 98 | F86: 4-6, 6-3, 6-1, | G86: B.F. Stove | H86: 7
A87: 1977 | B87: Men's | C87: B.R. Borg | D87: 2 | E87: 194 | F87: 3-6, 6-2, 6-1, 5-7, 6-4 | G87: J.S. Connors | H87: 1
... A106: 1967 | B106: Women's | C106: L.W. King | D106: 1 | E106: 60 | F106: 6-3, 6-4, | G106: P.F. Jones | H106: 3
A107: 1967 | B107: Men's | C107: J.D. Newcombe | D107: 3 | E107: 71 | F107: 6-3, 6-1, 6-1 | G107: W.P. Bungert | H107: U
A108: 1966 | B108: Women's | C108: L.W. King | D108: 4 | E108: 68 | F108: 6-3, 3-6, 6-1, | G108: M.E.A. Bueno | H108: 2
A109: 1966 | B109: Men's | C109: M.M. Santana | D109: 4 | E109: 104 | F109: 6-4, 11-9, 6-4 | G109: R.D. Ralston | H109: 6
A110: 1965 | B110: Women's | C110: M. Smith | D110: 2 | E110: 56 | F110: 6-4, 7-5, | G110: M.E.A. Bueno | H110: 1
A111: 1965 | B111: Men's | C111: R.S. Emerson | D111: 1 | E111: 67 | F111: 6-2, 6-4, 6-4 | G111: F.S. Stolle | H111: 2
A112: 1964 | B112: Women's | C112: M.E.A. Bueno | D112: 2 | E112: 90 | F112: 6-4, 7-9, 6-3, | G112: M. Smith | H112: 1
A113: 1964 | B113: Men's | C113: R.S. Emerson | D113: 1 | E113: 127 | F113: 6-4, 12-10, 4-6, 6-3 | G113: F.S. Stolle | H113: 6
A114: 1963 | B114: Women's | C114: M. Smith | D114: 1 | E114: 51 | F114: 6-3, 6-4, | G114: B.J. Moffitt
A115: 1963 | B115: Men's | C115: C.R. McKinley | D115: 4 | E115: 78 | F115: 9-7, 6-1, 6-4 | G115: F.S. Stolle | H115: U
A116: 1962 | B116: Women's | C116: J.R. Susman | D116: 8 | E116: 57 | F116: 6-4, 6-4, | G116: C. Sukova
A117: 1962 | B117: Men's | C117: R.G. Laver | D117: 1 | E117: 51 | F117: 6-2, 6-2, 6-1 | G117: M.F. Mulligan | H117: U
A118: 1961 | B118: Women's | C118: F.A.M. Mortimer | D118: 7 | E118: 96 | F118: 4-6, 6-4, 7-5, | G118: C.C. Truman | H118: 6
A119: 1961 | B119: Men's | C119: R.G. Laver | D119: 2 | E119: 55 | F119: 6-3, 6-1, 6-4 | G119: C.R. McKinley | H119: 8
A120: 1960 | B120: Women's | C120: M.E.A. Bueno | D120: 1 | E120: 59 | F120: 8-6, 6-0 | G120: S. Reynolds | H120: 8
A121: 1960 | B121: Men's | C121: N.A. Fraser | D121: 1 | E121: 130 | F121: 6-4, 3-6, 9-7, 7-5 | G121: R.G. Laver | H121: 3
A122: 1959 | B122: Women's | C122: M.E.A. Bueno | D122: 6 | E122: 43 | F122: 6-4, 6-3, | G122: D.R. Hard | H122: 4
A123: 1959 | B123: Men's | C123: A.R. Olmedo | D123: 1 | E123: 71 | F123: 6-4, 6-3, 6-4 | G123: R.G. Laver | H123: U
A124: 1958 | B124: Women's | C124: A. Gibson | D124: 1 | E124: 62 | F124: 8-6, 6-2, | G124: F.A.M. Mortimer
A125: 1958 | B125: Men's | C125: A.J. Cooper | D125: 1 | E125: 130 | F125: 3-6, 6-3, 6-4, 13-11 | G125: N.A. Fraser | H125: 4
A126: 1957 | B126: Women's | C126: A. Gibson | D126: 1 | E126: 50 | F126: 6-3, 6-2, | G126: D.R. Hard | H126: 5
A127: 1957 | B127: Men's | C127: L.A. Hoad | D127: 1 | E127: 57 | F127: 6-2, 6-1, 6-2 | G127: A.J. Cooper | H127: 2
A128: 1956 | B128: Women's | C128: S.J. Fry | D128: 5 | E128: 50 | F128: 6-3, 6-1, | G128: A. Buxton | H128: 6
A129: 1956 | B129: Men's | C129: L.A. Hoad | D129: 1 | E129: 117 | F129: 6-2, 4-6, 7-5, 6-4 | G129: K.R. Rosewall | H129: 2
A130: 1955 | B130: Women's | C130: A.L. Brough | D130: 2 | E130: 90 | F130: 7-5, 8-6, | G130: J.G. Fleitz | H130: 3
A131: 1955 | B131: Men's | C131: M.A. Trabert | D131: 1 | E131: 73 | F131: 6-3, 7-5, 6-1 | G131: K. Nielsen | H131: U
A132: 1954 | B132: Women's | C132: M.C. Connolly | D132: 1 | E132: 50 | F132: 6-2, 7-5, | G132: A.L. Brough | H132: 4
A133: 1954 | B133: Men's | C133: J. Drobny | D133: 11 | E133: 157 | F133: 13-11, 4-6, 6-2, 9-7 | G133: K.R. Rosewall | H133: 3
A134: 1953 | B134: Women's | C134: M.C. Connolly | D134: 1 | E134: 67 | F134: 8-6, 7-5, | G134: D.J. Hart | H134: 2
A135: 1953 | B135: Men's | C135: E.V. Seixas | D135: 2 | E135: 80 | F135: 9-7, 6-3, 6-4 | G135: K. Nielsen | H135: U
A136: 1952 | B136: Women's | C136: M.C. Connolly | D136: 2 | E136: 65 | F136: 7-5, 6-3, | G136: A.L. Brough | H136: 4
A137: 1952 | B137: Men's | C137: F.A. Sedgman | D137: 1 | E137: 80 | F137: 4-6, 6-2, 6-3, 6-2 | G137: J. Drobny | H137: 2
A138: 1951 | B138: Women's | C138: D.J. Hart | D138: 3 | E138: 35 | F138: 6-1, 6-0 | G138: S.J. Fry | H138: 4
A139: 1951 | B139: Men's | C139: R. Savitt | D139: 6 | E139: 62 | F139: 6-4, 6-4, 6-4 | G139: K.B. McGregor | H139: 7
A140: 1950 | B140: Women's | C140: A.L. Brough | D140: 1 | E140: 62 | F140: 6-1, 3-6, 6-1, | G140: W. du Pont | H140: 2
A141: 1950 | B141: Men's | C141: J.E. Patty | D141: 5 | E141: 120 | F141: 6-1, 8-10, 6-2, 6-3 | G141: F.A. Sedgman | H141: 1
A142: 1949 | B142: Women's | C142: A.L. Brough | D142: 1 | E142: 120 | F142: 10-8, 1-6, 10-8, | G142: W. du Pont | H142: 2
A143: 1949 | B143: Men's | C143: F.R. Schroeder | D143: 1 | E143: 100 | F143: 3-6, 6-0, 6-3, 4-6, 6-4 | G143: J. Drobny | H143: 6
A144: 1948 | B144: Women's | C144: A.L. Brough | D144: 2 | E144: 76 | F144: 6-3, 8-6, | G144: D.J. Hart | H144: 4
A145: 1948 | B145: Men's | C145: R. Falkenburg | D145: 7 | E145: 125 | F145: 7-5, 0-6, 6-2, 3-6, 7-5 | G145: J.E. Bromwich | H145: 2
A146: 1947 | B146: Women's | C146: M.E. Osborne | D146: 1 | F146: 6-2, 6-4, | G146: D.J. Hart | H146: 3
...

Sheet Math
A1: =wimbledons_champions!A1 -> Year | B1: =wimbledons_champions!B1 -> Gender | C1: =wimbledons_champions!C1 -> Champion | D1: =wimbledons_champions!D1 -> Champion Nationality | E1: =wimbledons_champions!F1 -> Champion Seed | F1: =wimbledons_champions!G1 -> Mins | G1: =wimbledons_champions!H1 -> Score | H1: =wimbledons_champions!S1 -> Runner-up | I1: =wimbledons_champions!T1 -> Runner-up Nationality | J1: =wimbledons_champions!V1 -> Runner-up Seed
A2: =wimbledons_champions!A14 -> 2019 | B2: =wimbledons_champions!B14 -> Women's | C2: =wimbledons_champions!C14 -> S.Halep | D2: =wimbledons_champions!D14 -> ROU | E2: =wimbledons_champions!F14 -> 7 | F2: =wimbledons_champions!G14 -> 56 | G2: =wimbledons_champions!H14 -> 6-2,6-2 | H2: =wimbledons_champions!S14 -> S. Williams | I2: =wimbledons_champions!T14 -> USA | J2: =wimbledons_champions!V14 -> 11
A3: =wimbledons_champions!A15 -> 2019 | B3: =wimbledons_champions!B15 -> Men's | C3: =wimbledons_champions!C15 -> N. Djokovic | D3: =wimbledons_champions!D15 -> SRB | E3: =wimbledons_champions!F15 -> 1 | F3: =wimbledons_champions!G15 -> 297 | G3: =wimbledons_champions!H15 -> 7-6(7-5),1-6,7-6(7-4),4-6,13-12(7-3) | H3: =wimbledons_champions!S15 -> R. Federer | I3: =wimbledons_champions!T15 -> SUI | J3: =wimbledons_champions!V15 -> 2
A4: =wimbledons_champions!A16 -> 2018 | B4: =wimbledons_champions!B16 -> Women's | C4: =wimbledons_champions!C16 -> A. Kerber | D4: =wimbledons_champions!D16 -> GER | E4: =wimbledons_champions!F16 -> 11 | F4: =wimbledons_champions!G16 -> 65 | G4: =wimbledons_champions!H16 -> 6-3,6-3 | H4: =wimbledons_champions!S16 -> S. Williams | I4: =wimbledons_champions!T16 -> USA | J4: =wimbledons_champions!V16 -> 25
A5: =wimbledons_champions!A17 -> 2018 | B5: =wimbledons_champions!B17 -> Men's | C5: =wimbledons_champions!C17 -> N. Djokovic | D5: =wimbledons_champions!D17 -> SRB | E5: =wimbledons_champions!F17 -> 12 | F5: =wimbledons_champions!G17 -> 170 | G5: =wimbledons_champions!H17 -> 6-2,6-2,7-6(7-3) | H5: =wimbledons_champions!S17 -> K. Anderson | I5: =wimbledons_champions!T17 -> RSA | J5: =wimbledons_champions!V17 -> 8
A6: =wimbledons_champions!A18 -> 2017 | B6: =wimbledons_champions!B18 -> Women's | C6: =wimbledons_champions!C18 -> G. Muguruza | D6: =wimbledons_champions!D18 -> ESP | E6: =wimbledons_champions!F18 -> 14 | F6: =wimbledons_champions!G18 -> 77 | G6: =wimbledons_champions!H18 -> 7-5,6-0 | H6: =wimbledons_champions!S18 -> V.E.S. Williams | I6: =wimbledons_champions!T18 -> USA | J6: =wimbledons_champions!V18 -> 10
A7: =wimbledons_champions!A19 -> 2017 | B7: =wimbledons_champions!B19 -> Men's | C7: =wimbledons_champions!C19 -> R. Federer | D7: =wimbledons_champions!D19 -> SUI | E7: =wimbledons_champions!F19 -> 3 | F7: =wimbledons_champions!G19 -> 101 | G7: =wimbledons_champions!H19 -> 6-3,6-1,6-4 | H7: =wimbledons_champions!S19 -> M.Cilic | I7: =wimbledons_champions!T19 -> CRO | J7: =wimbledons_champions!V19 -> 7
A8: =wimbledons_champions!A20 -> 2016 | B8: =wimbledons_champions!B20 -> Women's | C8: =wimbledons_champions!C20 -> S. Williams | D8: =wimbledons_champions!D20 -> USA | E8: =wimbledons_champions!F20 -> 1 | F8: =wimbledons_champions!G20 -> 83 | G8: =wimbledons_champions!H20 -> 7-5, 6-3 | H8: =wimbledons_champions!S20 -> A. Kerber | I8: =wimbledons_champions!T20 -> GER | J8: =wimbledons_champions!V20 -> 4
A9: =wimbledons_champions!A21 -> 2016 | B9: =wimbledons_champions!B21 -> Men's | C9: =wimbledons_champions!C21 -> A. Murray | D9: =wimbledons_champions!D21 -> GBR | E9: =wimbledons_champions!F21 -> 2 | F9: =wimbledons_champions!G21 -> 170 | G9: =wimbledons_champions!H21 -> 6-4, 7-6(7-3), 7-6(7-2) | H9: =wimbledons_champions!S21 -> M. Raonic | I9: =wimbledons_champions!T21 -> CND | J9: =wimbledons_champions!V21 -> 6
A10: =wimbledons_champions!A22 -> 2015 | B10: =wimbledons_champions!B22 -> Women's | C10: =wimbledons_champions!C22 -> S. Williams | D10: =wimbledons_champions!D22 -> USA | E10: =wimbledons_champions!F22 -> 1 | F10: =wimbledons_champions!G22 -> 83 | G10: =wimbledons_champions!H22 -> 6-4, 6-4 | H10: =wimbledons_champions!S22 -> G. Muguruza | I10: =wimbledons_champions!T22 -> ESP | J10: =wimbledons_champions!V22 -> 20
A11: =wimbledons_champions!A23 -> 2015 | B11: =wimbledons_champions!B23 -> Men's | C11: =wimbledons_champions!C23 -> N. Djokovic | D11: =wimbledons_champions!D23 -> SRB | E11: =wimbledons_champions!F23 -> 1 | F11: =wimbledons_champions!G23 -> 176 | G11: =wimbledons_champions!H23 -> 7-6(7-1), 6-7(10-12), 6-4, 6-3 | H11: =wimbledons_champions!S23 -> R. Federer | I11: =wimbledons_champions!T23 -> SUI | J11: =wimbledons_champions!V23 -> 2
A12: =wimbledons_champions!A24 -> 2014 | B12: =wimbledons_champions!B24 -> Women's | C12: =wimbledons_champions!C24 -> P. Kvitová | D12: =wimbledons_champions!D24 -> CZE | E12: =wimbledons_champions!F24 -> 6 | F12: =wimbledons_champions!G24 -> 55 | G12: =wimbledons_champions!H24 -> 6-3, 6-0 | H12: =wimbledons_champions!S24 -> E. Bouchard | I12: =wimbledons_champions!T24 -> CND | J12: =wimbledons_champions!V24 -> 13
A13: =wimbledons_champions!A25 -> 2014 | B13: =wimbledons_champions!B25 -> Men's | C13: =wimbledons_champions!C25 -> N. Djokovic | D13: =wimbledons_champions!D25 -> SRB | E13: =wimbledons_champions!F25 -> 1 | F13: =wimbledons_champions!G25 -> 236 | G13: =wimbledons_champions!H25 -> 6-7(7-9), 6-4, 7-6(7-4), 5-7, 6-4 | H13: =wimbledons_champions!S25 -> R. Federer | I13: =wimbledons_champions!T25 -> SUI | J13: =wimbledons_champions!V25 -> 4
... A260: =wimbledons_champions!A272 -> 1877 | B260: =wimbledons_champions!B272 -> Men's | C260: =wimbledons_champions!C272 -> S.W. Gore | D260: =wimbledons_champions!D272 -> GBR | E260: =wimbledons_champions!F272 -> 0 | F260: =wimbledons_champions!G272 -> 48 | G260: =wimbledons_champions!H272 -> 6-1, 6-2, 6-4 | H260: =wimbledons_champions!S272 -> W.C. Marshall | I260: =wimbledons_champions!T272 -> GBR | J260: =wimbledons_champions!V272 -> 0
B263: total | C263: 124 | D263: 16 | E263: =AVERAGE(E2:E175) -> 2.8596491 | F263: 101 | H263: 167 | I263: 27
B267: men's | C267: 65 | F267: 119
B268: women | C268: 59 | F268: 78.6
A271: =8/(8+4) -> 0.66666667 | B271: Men | C271: R. Federer win rate 8 to 4 | D271: SUI
A272: =9/(9+6) -> 0.6 | B272: Woman | C272: M. Navratilova win rate 9 to 3 | D272: USA

Sheet treemap
A1: Year | B1: Gender | C1: Champion | D1: Champion Nationality | E1: Champion Seed | F1: Mins | G1: Score | H1: Runner-up | I1: Runner-up Nationality | J1: Runner-up Seed
A2: 2019 | B2: Women's | C2: S.Halep | D2: ROU | E2: 7 | F2: 56 | G2: 6-2,6-2 | H2: S. Williams | I2: USA | J2: 11
A3: 2019 | B3: Men's | C3: N. Djokovic | D3: SRB | E3: 1 | F3: 297 | G3: 7-6,1-6,7-6,4-6,7-6 | H3: R. Federer | I3: SUI | J3: 2
A4: 2018 | B4: Women's | C4: A.Kerber | D4: GER | E4: 11 | F4: 65 | G4: 6-3,6-3 | H4: S. Williams | I4: USA | J4: 25
A5: 2018 | B5: Men's | C5: N. Djokovic | D5: SRB | E5: 12 | F5: 170 | G5: 6-2,6-2,7-6 | H5: K.Anderson | I5: RSA | J5: 8
A6: 2017 | B6: Women's | C6: G.Muguruza | D6: ESP | E6: 14 | F6: 77 | G6: 7-5,6-0 | H6: V.E.S Williams | I6: USA | J6: 10
A7: 2017 | B7: Men's | C7: R. Federer | D7: SUI | E7: 3 | F7: 101 | G7: 6-3,6-1,6-4 | H7: M.Cilic | I7: HRV | J7: 7
A8: 2016 | B8: Women's | C8: S. Williams | D8: USA | E8: 1 | F8: 83 | G8: 7-5, 6-3 | H8: A. Kerber | I8: GER | J8: 4
A9: 2016 | B9: Men's | C9: A. Murray | D9: GBR | E9: 2 | F9: 170 | G9: 6-4, 7-6, 7-6 | H9: M. Raonic | I9: CND | J9: 6
A10: 2015 | B10: Women's | C10: S. Williams | D10: USA | E10: 1 | F10: 83 | G10: 6-4, 6-4 | H10: G. Muguruza | I10: ESP | J10: 20
A11: 2015 | B11: Men's | C11: N. Djokovic | D11: SRB | E11: 1 | F11: 176 | G11: 7-6, 6-7, 6-4, 6-3 | H11: R. Federer | I11: SUI | J11: 2
A12: 2014 | B12: Women's | C12: P. Kvitová | D12: CZE | E12: 6 | F12: 55 | G12: 6-3, 6-0 | H12: E. Bouchard | I12: CND | J12: 13
A13: 2014 | B13: Men's | C13: N. Djokovic | D13: SRB | E13: 1 | F13: 236 | G13: 6-7, 6-4, 7-64, 5-7, 6-4 | H13: R. Federer | I13: SUI | J13: 4
... A34: 2003 | B34: Women's | C34: S. Williams | D34: USA | E34: 1 | F34: 123 | G34: 4-6, 6-4, 6-2 | H34: V.E.S. Williams | I34: USA | J34: 4
A35: 2003 | B35: Men's | C35: R. Federer | D35: SUI | E35: 4 | F35: 119 | G35: 7-6 (7-5), 6-2, 7-6 (7-3) | H35: M. Philippousis | I35: AUS | J35: U
A36: 2002 | B36: Women's | C36: S. Williams | D36: USA | E36: 2 | F36: 78 | G36: 7-6 (7-4), 6-3 | H36: V.E.S. Williams | I36: USA | J36: 1
A37: 2002 | B37: Men's | C37: L.G. Hewitt | D37: AUS | E37: 1 | F37: 116 | G37: 6-1, 6-3, 6-2 | H37: D.P. Nalbandian | I37: ARG | J37: 28
A38: 2001 | B38: Women's | C38: V.E.S. Williams | D38: USA | E38: 2 | F38: 69 | G38: 6-1, 3-6, 6-0 | H38: J. Henin | I38: BEL | J38: 8
A39: 2001 | B39: Men's | C39: G.S. Ivanisevic | D39: CRO | F39: 182 | G39: 6-3, 3-6, 6-3, 2-6, 9-7 | H39: P.M. Rafter | I39: AUS | J39: 3
A40: 2000 | B40: Women's | C40: V.E.S. Williams | D40: USA | E40: 5 | F40: 84 | G40: 6-3, 7-6 (7-3) | H40: L.A. Davenport | I40: USA | J40: 2
A41: 2000 | B41: Men's | C41: P. Sampras | D41: USA | E41: 1 | F41: 182 | G41: 6-7 (10-12), 7-6 (7-5), 6-4, 6-2 | H41: P.M. Rafter | I41: AUS | J41: 12
A42: 1999 | B42: Women's | C42: L.A. Davenport | D42: USA | E42: 3 | F42: 75 | G42: 6-4, 7-5 | H42: S.M. Graf | I42: GER | J42: 2
A43: 1999 | B43: Men's | C43: P. Sampras | D43: USA | E43: 1 | F43: 115 | G43: 6-3, 6-4, 7-5 | H43: A.K. Agassi | I43: USA | J43: 4
A44: 1998 | B44: Women's | C44: J. Novotna | D44: CZE | E44: 3 | F44: 94 | G44: 6-4, 7-6 (7-2) | H44: N. Tauziat | I44: FRA | J44: 16
A45: 1998 | B45: Men's | C45: P. Sampras | D45: USA | E45: 1 | F45: 172 | G45: 6-7 (2-7), 7-6 (11-9), 6-4, 3-6, 6-2 | H45: G.S. Ivanisevic | I45: CRO | J45: 14
A46: 1997 | B46: Women's | C46: M. Hingis | D46: SUI | E46: 1 | F46: 110 | G46: 2-6, 6-3, 6-3 | H46: J. Novotna | I46: CZE | J46: 3
A47: 1997 | B47: Men's | C47: P. Sampras | D47: USA | E47: 1 | F47: 94 | G47: 6-4, 6-2, 6-4 | H47: C.A. Pioline | I47: FRA | J47: U
A48: 1996 | B48: Women's | C48: S.M. Graf | D48: GER | E48: 1 | F48: 88 | G48: 6-3, 7-5, | H48: A.I.M. Sanchez Vicario | I48: ESP | J48: 4
A49: 1996 | B49: Men's | C49: R.P.S. Krajicek | D49: NED | F49: 94 | G49: 6-3, 6-4, 6-3 | H49: M.O. Washington | I49: USA | J49: U
A50: 1995 | B50: Women's | C50: S.M. Graf | D50: GER | E50: 1 | F50: 122 | G50: 4-6, 6-1, 7-5, | H50: A.I.M. Sanchez Vicario | I50: ESP | J50: 2
A51: 1995 | B51: Men's | C51: P. Sampras | D51: USA | E51: 2 | F51: 149 | G51: 6-7 (5-7), 6-2, 6-4, 6-2 | H51: B.F. Becker | I51: GER | J51: 3
A52: 1994 | B52: Women's | C52: I.C. Martinez | D52: ESP | E52: 3 | F52: 119 | G52: 6-4, 3-6, 6-3, | H52: M. Navratilova | I52: USA | J52: 4
A53: 1994 | B53: Men's | C53: P. Sampras | D53: USA | E53: 1 | F53: 115 | G53: 7-6 (7-2), 7-6 (7-5), 6-0 | H53: G.S. Ivanisevic | I53: CRO | J53: 4
A54: 1993 | B54: Women's | C54: S.M. Graf | D54: GER | E54: 1 | F54: 134 | G54: 7-6 (8-6), 1-6, 6-4, | H54: J. Novotna | I54: CZE | J54: 8
A55: 1993 | B55: Men's | C55: P. Sampras | D55: USA | E55: 1 | F55: 178 | G55: 7-6 (7-3), 7-6 (8-6), 3-6, 6-3 | H55: J.S. Courier | I55: USA | J55: 3
A56: 1992 | B56: Women's | C56: S.M. Graf | D56: GER | E56: 2 | F56: 58 | G56: 6-2, 6-1, | H56: M. Seles | I56: YUG | J56: 1
A57: 1992 | B57: Men's | C57: A.K. Agassi | D57: USA | E57: 12 | F57: 170 | G57: 6-7 (8-10), 6-4, 6-4, 1-6, 6-4 | H57: G.S. Ivanisevic | I57: CRO | J57: 8
A58: 1991 | B58: Women's | C58: S.M. Graf | D58: GER | E58: 1 | F58: 127 | G58: 6-4, 3-6, 8-6, | H58: G.B. Sabatini | I58: ARG | J58: 2
A59: 1991 | B59: Men's | C59: M.D. Stich | D59: GER | E59: 6 | F59: 153 | G59: 6-4, 7-6 (7-4), 6-4 | H59: B.F. Becker | I59: GER | J59: 2
A60: 1990 | B60: Women's | C60: M. Navratilova | D60: USA | E60: 2 | F60: 75 | G60: 6-4, 6-1, | H60: Z.L. Garrison | I60: USA | J60: 5
A61: 1990 | B61: Men's | C61: S.B. Edberg | D61: SWE | E61: 3 | F61: 178 | G61: 6-2, 6-2, 3-6, 3-6, 6-4 | H61: B.F. Becker | I61: GER | J61: 2
... A70: 1985 | B70: Women's | C70: M. Navratilova | D70: USA | E70: 1 | F70: 107 | G70: 4-6, 6-3, 6-2, | H70: J.M. Lloyd | I70: USA | J70: 1
A71: 1985 | B71: Men's | C71: B.F. Becker | D71: GER | F71: 198 | G71: 6-3, 6-7 (4-7), 7-6 (7-3), 6-4 | H71: K.M. Curren | I71: USA | J71: 8
A72: 1984 | B72: Women's | C72: M. Navratilova | D72: USA | E72: 1 | F72: 84 | G72: 7-6 (7-5), 6-2, | H72: J.M. Lloyd | I72: USA | J72: 2
A73: 1984 | B73: Men's | C73: J.P. McEnroe | D73: USA | E73: 1 | F73: 80 | G73: 6-1, 6-1, 6-2 | H73: J.S. Connors | I73: USA | J73: 3
A74: 1983 | B74: Women's | C74: M. Navratilova | D74: USA | E74: 1 | F74: 54 | G74: 6-0, 6-3, | H74: A. Jaeger | I74: USA | J74: 3
A75: 1983 | B75: Men's | C75: J.P. McEnroe | D75: USA | E75: 2 | F75: 85 | G75: 6-2, 6-2, 6-2 | H75: C.J. Lewis | I75: NZL | J75: U
A76: 1982 | B76: Women's | C76: M. Navratilova | D76: USA | E76: 1 | F76: 87 | G76: 6-1, 3-6, 6-2, | H76: J.M. Lloyd | I76: USA | J76: 2
A77: 1982 | B77: Men's | C77: J.S. Connors | D77: USA | E77: 2 | F77: 256 | G77: 3-6, 6-3, 6-7 (2-7), 7-6 (7-5), 6-4 | H77: J.P. McEnroe | I77: USA | J77: 1
A78: 1981 | B78: Women's | C78: J.M. Lloyd | D78: USA | E78: 1 | F78: 60 | G78: 6-2, 6-2, | H78: H. Mandlikova | I78: TCH | J78: 2
A79: 1981 | B79: Men's | C79: J.P. McEnroe | D79: USA | E79: 2 | F79: 202 | G79: 4-6, 7-6 (7-1), 7-6 (7-4), 6-4 | H79: B.R. Borg | I79: SWE | J79: 1
A80: 1980 | B80: Women's | C80: R.A. Cawley | D80: AUS | E80: 4 | F80: 93 | G80: 6-1, 7-6 (7-4) | H80: J.M. Lloyd | I80: USA | J80: 3
A81: 1980 | B81: Men's | C81: B.R. Borg | D81: SWE | E81: 1 | F81: 233 | G81: 1-6, 7-5, 6-3, 6-7 (16-18), 8-6 | H81: J.P. McEnroe | I81: USA | J81: 2
A82: 1979 | B82: Women's | C82: M. Navratilova | D82: USA | E82: 1 | F82: 60 | G82: 6-4, 6-4, | H82: J.M. Lloyd | I82: USA | J82: 2
A83: 1979 | B83: Men's | C83: B.R. Borg | D83: SWE | E83: 1 | F83: 169 | G83: 6-7(4-7), 6-1, 3-6, 6-3, 6-4 | H83: R. Tanner | I83: USA | J83: 5
A84: 1978 | B84: Women's | C84: M. Navratilova | D84: USA | E84: 2 | F84: 102 | G84: 2-6, 6-4, 7-5, | H84: C.M. Evert | I84: USA | J84: 1
A85: 1978 | B85: Men's | C85: B.R. Borg | D85: SWE | E85: 1 | F85: 108 | G85: 6-2, 6-2, 6-3 | H85: J.S. Connors | I85: USA | J85: 2
A86: 1977 | B86: Women's | C86: S.V. Wade | D86: GBR | E86: 3 | F86: 98 | G86: 4-6, 6-3, 6-1, | H86: B.F. Stove | I86: NED | J86: 7
A87: 1977 | B87: Men's | C87: B.R. Borg | D87: SWE | E87: 2 | F87: 194 | G87: 3-6, 6-2, 6-1, 5-7, 6-4 | H87: J.S. Connors | I87: USA | J87: 1
... A106: 1967 | B106: Women's | C106: L.W. King | D106: USA | E106: 1 | F106: 60 | G106: 6-3, 6-4, | H106: P.F. Jones | I106: GBR | J106: 3
A107: 1967 | B107: Men's | C107: J.D. Newcombe | D107: AUS | E107: 3 | F107: 71 | G107: 6-3, 6-1, 6-1 | H107: W.P. Bungert | I107: GER | J107: U
A108: 1966 | B108: Women's | C108: L.W. King | D108: USA | E108: 4 | F108: 68 | G108: 6-3, 3-6, 6-1, | H108: M.E.A. Bueno | I108: BRA | J108: 2
A109: 1966 | B109: Men's | C109: M.M. Santana | D109: ESP | E109: 4 | F109: 104 | G109: 6-4, 11-9, 6-4 | H109: R.D. Ralston | I109: USA | J109: 6
A110: 1965 | B110: Women's | C110: M. Smith | D110: AUS | E110: 2 | F110: 56 | G110: 6-4, 7-5, | H110: M.E.A. Bueno | I110: BRA | J110: 1
A111: 1965 | B111: Men's | C111: R.S. Emerson | D111: AUS | E111: 1 | F111: 67 | G111: 6-2, 6-4, 6-4 | H111: F.S. Stolle | I111: AUS | J111: 2
A112: 1964 | B112: Women's | C112: M.E.A. Bueno | D112: BRA | E112: 2 | F112: 90 | G112: 6-4, 7-9, 6-3, | H112: M. Smith | I112: AUS | J112: 1
A113: 1964 | B113: Men's | C113: R.S. Emerson | D113: AUS | E113: 1 | F113: 127 | G113: 6-4, 12-10, 4-6, 6-3 | H113: F.S. Stolle | I113: AUS | J113: 6
A114: 1963 | B114: Women's | C114: M. Smith | D114: AUS | E114: 1 | F114: 51 | G114: 6-3, 6-4, | H114: B.J. Moffitt | I114: USA
A115: 1963 | B115: Men's | C115: C.R. McKinley | D115: USA | E115: 4 | F115: 78 | G115: 9-7, 6-1, 6-4 | H115: F.S. Stolle | I115: AUS | J115: U
A116: 1962 | B116: Women's | C116: J.R. Susman | D116: USA | E116: 8 | F116: 57 | G116: 6-4, 6-4, | H116: C. Sukova | I116: TCH
A117: 1962 | B117: Men's | C117: R.G. Laver | D117: AUS | E117: 1 | F117: 51 | G117: 6-2, 6-2, 6-1 | H117: M.F. Mulligan | I117: AUS | J117: U
A118: 1961 | B118: Women's | C118: F.A.M. Mortimer | D118: GBR | E118: 7 | F118: 96 | G118: 4-6, 6-4, 7-5, | H118: C.C. Truman | I118: GBR | J118: 6
A119: 1961 | B119: Men's | C119: R.G. Laver | D119: AUS | E119: 2 | F119: 55 | G119: 6-3, 6-1, 6-4 | H119: C.R. McKinley | I119: USA | J119: 8
A120: 1960 | B120: Women's | C120: M.E.A. Bueno | D120: BRA | E120: 1 | F120: 59 | G120: 8-6, 6-0 | H120: S. Reynolds | I120: RSA | J120: 8
A121: 1960 | B121: Men's | C121: N.A. Fraser | D121: AUS | E121: 1 | F121: 130 | G121: 6-4, 3-6, 9-7, 7-5 | H121: R.G. Laver | I121: AUS | J121: 3
A122: 1959 | B122: Women's | C122: M.E.A. Bueno | D122: BRA | E122: 6 | F122: 43 | G122: 6-4, 6-3, | H122: D.R. Hard | I122: USA | J122: 4
A123: 1959 | B123: Men's | C123: A.R. Olmedo | D123: USA | E123: 1 | F123: 71 | G123: 6-4, 6-3, 6-4 | H123: R.G. Laver | I123: AUS | J123: U
A124: 1958 | B124: Women's | C124: A. Gibson | D124: USA | E124: 1 | F124: 62 | G124: 8-6, 6-2, | H124: F.A.M. Mortimer | I124: GBR
A125: 1958 | B125: Men's | C125: A.J. Cooper | D125: AUS | E125: 1 | F125: 130 | G125: 3-6, 6-3, 6-4, 13-11 | H125: N.A. Fraser | I125: AUS | J125: 4
A126: 1957 | B126: Women's | C126: A. Gibson | D126: USA | E126: 1 | F126: 50 | G126: 6-3, 6-2, | H126: D.R. Hard | I126: USA | J126: 5
A127: 1957 | B127: Men's | C127: L.A. Hoad | D127: AUS | E127: 1 | F127: 57 | G127: 6-2, 6-1, 6-2 | H127: A.J. Cooper | I127: AUS | J127: 2
A128: 1956 | B128: Women's | C128: S.J. Fry | D128: USA | E128: 5 | F128: 50 | G128: 6-3, 6-1, | H128: A. Buxton | I128: GBR | J128: 6
A129: 1956 | B129: Men's | C129: L.A. Hoad | D129: AUS | E129: 1 | F129: 117 | G129: 6-2, 4-6, 7-5, 6-4 | H129: K.R. Rosewall | I129: AUS | J129: 2
A130: 1955 | B130: Women's | C130: A.L. Brough | D130: USA | E130: 2 | F130: 90 | G130: 7-5, 8-6, | H130: J.G. Fleitz | I130: USA | J130: 3
A131: 1955 | B131: Men's | C131: M.A. Trabert | D131: USA | E131: 1 | F131: 73 | G131: 6-3, 7-5, 6-1 | H131: K. Nielsen | I131: DEN | J131: U
A132: 1954 | B132: Women's | C132: M.C. Connolly | D132: USA | E132: 1 | F132: 50 | G132: 6-2, 7-5, | H132: A.L. Brough | I132: USA | J132: 4
A133: 1954 | B133: Men's | C133: J. Drobny | D133: CZE | E133: 11 | F133: 157 | G133: 13-11, 4-6, 6-2, 9-7 | H133: K.R. Rosewall | I133: AUS | J133: 3
A134: 1953 | B134: Women's | C134: M.C. Connolly | D134: USA | E134: 1 | F134: 67 | G134: 8-6, 7-5, | H134: D.J. Hart | I134: USA | J134: 2
A135: 1953 | B135: Men's | C135: E.V. Seixas | D135: USA | E135: 2 | F135: 80 | G135: 9-7, 6-3, 6-4 | H135: K. Nielsen | I135: DEN | J135: U
A136: 1952 | B136: Women's | C136: M.C. Connolly | D136: USA | E136: 2 | F136: 65 | G136: 7-5, 6-3, | H136: A.L. Brough | I136: USA | J136: 4
A137: 1952 | B137: Men's | C137: F.A. Sedgman | D137: AUS | E137: 1 | F137: 80 | G137: 4-6, 6-2, 6-3, 6-2 | H137: J. Drobny | I137: CZE | J137: 2
A138: 1951 | B138: Women's | C138: D.J. Hart | D138: USA | E138: 3 | F138: 35 | G138: 6-1, 6-0 | H138: S.J. Fry | I138: USA | J138: 4
A139: 1951 | B139: Men's | C139: R. Savitt | D139: USA | E139: 6 | F139: 62 | G139: 6-4, 6-4, 6-4 | H139: K.B. McGregor | I139: AUS | J139: 7
A140: 1950 | B140: Women's | C140: A.L. Brough | D140: USA | E140: 1 | F140: 62 | G140: 6-1, 3-6, 6-1, | H140: W. du Pont | I140: USA | J140: 2
A141: 1950 | B141: Men's | C141: J.E. Patty | D141: USA | E141: 5 | F141: 120 | G141: 6-1, 8-10, 6-2, 6-3 | H141: F.A. Sedgman | I141: AUS | J141: 1
A142: 1949 | B142: Women's | C142: A.L. Brough | D142: USA | E142: 1 | F142: 120 | G142: 10-8, 1-6, 10-8, | H142: W. du Pont | I142: USA | J142: 2
A143: 1949 | B143: Men's | C143: F.R. Schroeder | D143: USA | E143: 1 | F143: 100 | G143: 3-6, 6-0, 6-3, 4-6, 6-4 | H143: J. Drobny | I143: CZE | J143: 6
A144: 1948 | B144: Women's | C144: A.L. Brough | D144: USA | E144: 2 | F144: 76 | G144: 6-3, 8-6, | H144: D.J. Hart | I144: USA | J144: 4
A145: 1948 | B145: Men's | C145: R. Falkenburg | D145: USA | E145: 7 | F145: 125 | G145: 7-5, 0-6, 6-2, 3-6, 7-5 | H145: J.E. Bromwich | I145: AUS | J145: 2
A146: 1947 | B146: Women's | C146: M.E. Osborne | D146: USA | E146: 1 | G146: 6-2, 6-4, | H146: D.J. Hart | I146: USA | J146: 3
...

Sheet Text Cloud
A1: Champion | B1: Champion Nationality | C1: Score | D1: Runner-up | E1: Runner-up Nationality
A2: S.Halep | B2: ROU | C2: 6-2,6-2 | D2: S. Williams | E2: USA
A3: N. Djokovic | B3: SRB | C3: 7-6,1-6,7-6,4-6,7-6 | D3: R. Federer | E3: SUI
A4: A.Kerber | B4: GER | C4: 6-3,6-3 | D4: S. Williams | E4: USA
A5: N. Djokovic | B5: SRB | C5: 6-2,6-2,7-6 | D5: K.Anderson | E5: RSA
A6: G.Muguruza | B6: ESP | C6: 7-5,6-0 | D6: V.E.S Williams | E6: USA
A7: R. Federer | B7: SUI | C7: 6-3,6-1,6-4 | D7: M.Cilic | E7: HRV
A8: A. Murray | B8: GBR | C8: 6-4, 7-6, 7-6 | D8: M. Raonic | E8: CND
A9: S. Williams | B9: USA | C9: 7-5, 6-3 | D9: A. Kerber | E9: GER
A10: N. Djokovic | B10: SRB | C10: 7-6, 6-7, 6-4, 6-3 | D10: R. Federer | E10: SUI
A11: S. Williams | B11: USA | C11: 6-4, 6-4 | D11: G. Muguruza | E11: ESP
A12: P. Kvitová | B12: CZE | C12: 6-3, 6-0 | D12: E. Bouchard | E12: CND
... A260: S.W. Gore | B260: GBR | C260: 6-1, 6-2, 6-4 | D260: W.C. Marshall | E260: GBR

Sheet Match-country
A1: Year | B1: Men's Champion Nationality | C1: Women's Champion Nationality
A2: 2019 | B2: SRB | C2: ROU
A3: 2018 | B3: SRB | C3: GER
A4: 2017 | B4: SUI | C4: ESP
A5: 2016 | B5: GBR | C5: USA
A6: 2015 | B6: SRB | C6: USA
A7: 2014 | B7: SRB | C7: CZE
A8: 2013 | B8: GBR | C8: FRA
A9: 2012 | B9: SUI | C9: USA
A10: 2011 | B10: SRB | C10: CZE
A11: 2010 | B11: ESP | C11: USA
A12: 2009 | B12: SUI | C12: USA
A13: 2008 | B13: ESP | C13: USA
... A127: 1884 | B127: GBR | C127: GBR
A128: 1883 | B128: GBR
A129: 1882 | B129: GBR
A130: 1881 | B130: GBR
A131: 1880 | B131: GBR
A132: 1879 | B132: GBR
A133: 1878 | B133: GBR
A134: 1877 | B134: GBR

Sheet Men-1
A1: =wimbledons_champions!A1 -> Year | B1: =wimbledons_champions!B1 -> Gender | C1: =wimbledons_champions!C1 -> Champion | D1: =wimbledons_champions!D1 -> Champion Nationality | E1: =wimbledons_champions!F1 -> Champion Seed | F1: =wimbledons_champions!G1 -> Mins | G1: =wimbledons_champions!H1 -> Score | H1: =wimbledons_champions!S1 -> Runner-up | I1: =wimbledons_champions!T1 -> Runner-up Nationality | J1: =wimbledons_champions!V1 -> Runner-up Seed
A2: 2021 | B2: Men's | C2: N. Djokovic | D2: SRB | E2: 1 | F2: 204 | G2: 6-7,6-4,6-4,6-3 | H2: M. Berrettini | I2: ITA | J2: 7
A3: =wimbledons_champions!A15 -> 2019 | B3: =wimbledons_champions!B15 -> Men's | C3: =wimbledons_champions!C15 -> N. Djokovic | D3: =wimbledons_champions!D15 -> SRB | E3: =wimbledons_champions!F15 -> 1 | F3: =wimbledons_champions!G15 -> 297 | G3: =wimbledons_champions!H15 -> 7-6(7-5),1-6,7-6(7-4),4-6,13-12(7-3) | H3: =wimbledons_champions!S15 -> R. Federer | I3: =wimbledons_champions!T15 -> SUI | J3: =wimbledons_champions!V15 -> 2
A4: =wimbledons_champions!A17 -> 2018 | B4: =wimbledons_champions!B17 -> Men's | C4: =wimbledons_champions!C17 -> N. Djokovic | D4: =wimbledons_champions!D17 -> SRB | E4: =wimbledons_champions!F17 -> 12 | F4: =wimbledons_champions!G17 -> 170 | G4: =wimbledons_champions!H17 -> 6-2,6-2,7-6(7-3) | H4: =wimbledons_champions!S17 -> K. Anderson | I4: =wimbledons_champions!T17 -> RSA | J4: =wimbledons_champions!V17 -> 8
A5: =wimbledons_champions!A19 -> 2017 | B5: =wimbledons_champions!B19 -> Men's | C5: =wimbledons_champions!C19 -> R. Federer | D5: =wimbledons_champions!D19 -> SUI | E5: =wimbledons_champions!F19 -> 3 | F5: =wimbledons_champions!G19 -> 101 | G5: =wimbledons_champions!H19 -> 6-3,6-1,6-4 | H5: =wimbledons_champions!S19 -> M.Cilic | I5: =wimbledons_champions!T19 -> CRO | J5: =wimbledons_champions!V19 -> 7
A6: =wimbledons_champions!A21 -> 2016 | B6: =wimbledons_champions!B21 -> Men's | C6: =wimbledons_champions!C21 -> A. Murray | D6: =wimbledons_champions!D21 -> GBR | E6: =wimbledons_champions!F21 -> 2 | F6: =wimbledons_champions!G21 -> 170 | G6: =wimbledons_champions!H21 -> 6-4, 7-6(7-3), 7-6(7-2) | H6: =wimbledons_champions!S21 -> M. Raonic | I6: =wimbledons_champions!T21 -> CND | J6: =wimbledons_champions!V21 -> 6
A7: =wimbledons_champions!A23 -> 2015 | B7: =wimbledons_champions!B23 -> Men's | C7: =wimbledons_champions!C23 -> N. Djokovic | D7: =wimbledons_champions!D23 -> SRB | E7: =wimbledons_champions!F23 -> 1 | F7: =wimbledons_champions!G23 -> 176 | G7: =wimbledons_champions!H23 -> 7-6(7-1), 6-7(10-12), 6-4, 6-3 | H7: =wimbledons_champions!S23 -> R. Federer | I7: =wimbledons_champions!T23 -> SUI | J7: =wimbledons_champions!V23 -> 2
A8: =wimbledons_champions!A25 -> 2014 | B8: =wimbledons_champions!B25 -> Men's | C8: =wimbledons_champions!C25 -> N. Djokovic | D8: =wimbledons_champions!D25 -> SRB | E8: =wimbledons_champions!F25 -> 1 | F8: =wimbledons_champions!G25 -> 236 | G8: =wimbledons_champions!H25 -> 6-7(7-9), 6-4, 7-6(7-4), 5-7, 6-4 | H8: =wimbledons_champions!S25 -> R. Federer | I8: =wimbledons_champions!T25 -> SUI | J8: =wimbledons_champions!V25 -> 4
A9: =wimbledons_champions!A27 -> 2013 | B9: =wimbledons_champions!B27 -> Men's | C9: =wimbledons_champions!C27 -> A. Murray | D9: =wimbledons_champions!D27 -> GBR | E9: =wimbledons_champions!F27 -> 2 | F9: =wimbledons_champions!G27 -> 134 | G9: =wimbledons_champions!H27 -> 6-4, 7-5, 6-4 | H9: =wimbledons_champions!S27 -> N. Djokovic | I9: =wimbledons_champions!T27 -> SRB | J9: =wimbledons_champions!V27 -> 1
A10: =wimbledons_champions!A29 -> 2012 | B10: =wimbledons_champions!B29 -> Men's | C10: =wimbledons_champions!C29 -> R. Federer | D10: =wimbledons_champions!D29 -> SUI | E10: =wimbledons_champions!F29 -> 3 | F10: =wimbledons_champions!G29 -> 204 | G10: =wimbledons_champions!H29 -> 4-6, 7-5, 6-3, 6-4 | H10: =wimbledons_champions!S29 -> A. Murray | I10: =wimbledons_champions!T29 -> GBR | J10: =wimbledons_champions!V29 -> 4
A11: =wimbledons_champions!A31 -> 2011 | B11: =wimbledons_champions!B31 -> Men's | C11: =wimbledons_champions!C31 -> N. Djokovic | D11: =wimbledons_champions!D31 -> SRB | E11: =wimbledons_champions!F31 -> 2 | F11: =wimbledons_champions!G31 -> 148 | G11: =wimbledons_champions!H31 -> 6-4 6-1 1-6 6-3 | H11: =wimbledons_champions!S31 -> R. Nadal | I11: =wimbledons_champions!T31 -> ESP | J11: =wimbledons_champions!V31 -> 1
A12: =wimbledons_champions!A33 -> 2010 | B12: =wimbledons_champions!B33 -> Men's | C12: =wimbledons_champions!C33 -> R. Nadal | D12: =wimbledons_champions!D33 -> ESP | E12: =wimbledons_champions!F33 -> 2 | F12: =wimbledons_champions!G33 -> 133 | G12: =wimbledons_champions!H33 -> 6-3, 7-5, 6-4 | H12: =wimbledons_champions!S33 -> T. Berdych | I12: =wimbledons_champions!T33 -> CZE | J12: =wimbledons_champions!V33 -> 12
A13: =wimbledons_champions!A35 -> 2009 | B13: =wimbledons_champions!B35 -> Men's | C13: =wimbledons_champions!C35 -> R. Federer | D13: =wimbledons_champions!D35 -> SUI | E13: =wimbledons_champions!F35 -> 2 | F13: =wimbledons_champions!G35 -> 256 | G13: =wimbledons_champions!H35 -> 5-7, 7-6 (8-6), 7-6 (7-5), 3-6, 16-14 | H13: =wimbledons_champions!S35 -> A. Roddick | I13: =wimbledons_champions!T35 -> USA | J13: =wimbledons_champions!V35 -> 6
A14: =wimbledons_champions!A37 -> 2008 | B14: =wimbledons_champions!B37 -> Men's | C14: =wimbledons_champions!C37 -> R. Nadal | D14: =wimbledons_champions!D37 -> ESP | E14: =wimbledons_champions!F37 -> 2 | F14: =wimbledons_champions!G37 -> 288 | G14: =wimbledons_champions!H37 -> 6-4, 6-4, 6-7 (5-7), 6-7 (8-10), 9-7 | H14: =wimbledons_champions!S37 -> R. Federer | I14: =wimbledons_champions!T37 -> SUI | J14: =wimbledons_champions!V37 -> 1
A15: =wimbledons_champions!A39 -> 2007 | B15: =wimbledons_champions!B39 -> Men's | C15: =wimbledons_champions!C39 -> R. Federer | D15: =wimbledons_champions!D39 -> SUI | E15: =wimbledons_champions!F39 -> 1 | F15: =wimbledons_champions!G39 -> 225 | G15: =wimbledons_champions!H39 -> 7-6 (9-7), 4-6, 7-6 (7-3), 2-6, 6-2 | H15: =wimbledons_champions!S39 -> R. Nadal | I15: =wimbledons_champions!T39 -> ESP | J15: =wimbledons_champions!V39 -> 2
A16: =wimbledons_champions!A41 -> 2006 | B16: =wimbledons_champions!B41 -> Men's | C16: =wimbledons_champions!C41 -> R. Federer | D16: =wimbledons_champions!D41 -> SUI | E16: =wimbledons_champions!F41 -> 1 | F16: =wimbledons_champions!G41 -> 170 | G16: =wimbledons_champions!H41 -> 6-0, 7-6 (7-5), 6-7 (2-7), 6-3 | H16: =wimbledons_champions!S41 -> R. Nadal | I16: =wimbledons_champions!T41 -> ESP | J16: =wimbledons_champions!V41 -> 2
A17: =wimbledons_champions!A43 -> 2005 | B17: =wimbledons_champions!B43 -> Men's | C17: =wimbledons_champions!C43 -> R. Federer | D17: =wimbledons_champions!D43 -> SUI | E17: =wimbledons_champions!F43 -> 1 | F17: =wimbledons_champions!G43 -> 101 | G17: =wimbledons_champions!H43 -> 6-2, 7-6 (7-2), 6-4 | H17: =wimbledons_champions!S43 -> A. Roddick | I17: =wimbledons_champions!T43 -> USA | J17: =wimbledons_champions!V43 -> 2
A18: =wimbledons_champions!A45 -> 2004 | B18: =wimbledons_champions!B45 -> Men's | C18: =wimbledons_champions!C45 -> R. Federer | D18: =wimbledons_champions!D45 -> SUI | E18: =wimbledons_champions!F45 -> 1 | F18: =wimbledons_champions!G45 -> 151 | G18: =wimbledons_champions!H45 -> 4-6, 7-5, 7-6 (7-3), 6-4 | H18: =wimbledons_champions!S45 -> A. Roddick | I18: =wimbledons_champions!T45 -> USA | J18: =wimbledons_champions!V45 -> 2
A19: =wimbledons_champions!A47 -> 2003 | B19: =wimbledons_champions!B47 -> Men's | C19: =wimbledons_champions!C47 -> R. Federer | D19: =wimbledons_champions!D47 -> SUI | E19: =wimbledons_champions!F47 -> 4 | F19: =wimbledons_champions!G47 -> 119 | G19: =wimbledons_champions!H47 -> 7-6 (7-5), 6-2, 7-6 (7-3) | H19: =wimbledons_champions!S47 -> M. Philippousis | I19: =wimbledons_champions!T47 -> AUS | J19: =wimbledons_champions!V47 -> U
A20: =wimbledons_champions!A49 -> 2002 | B20: =wimbledons_champions!B49 -> Men's | C20: =wimbledons_champions!C49 -> L.G. Hewitt | D20: =wimbledons_champions!D49 -> AUS | E20: =wimbledons_champions!F49 -> 1 | F20: =wimbledons_champions!G49 -> 116 | G20: =wimbledons_champions!H49 -> 6-1, 6-3, 6-2 | H20: =wimbledons_champions!S49 -> D.P. Nalbandian | I20: =wimbledons_champions!T49 -> ARG | J20: =wimbledons_champions!V49 -> 28
A21: =wimbledons_champions!A51 -> 2001 | B21: =wimbledons_champions!B51 -> Men's | C21: =wimbledons_champions!C51 -> G.S. Ivanisevic | D21: =wimbledons_champions!D51 -> CRO | E21: =wimbledons_champions!F51 -> WC | F21: =wimbledons_champions!G51 -> 182 | G21: =wimbledons_champions!H51 -> 6-3, 3-6, 6-3, 2-6, 9-7 | H21: =wimbledons_champions!S51 -> P.M. Rafter | I21: =wimbledons_champions!T51 -> AUS | J21: =wimbledons_champions!V51 -> 3
A22: =wimbledons_champions!A53 -> 2000 | B22: =wimbledons_champions!B53 -> Men's | C22: =wimbledons_champions!C53 -> P. Sampras | D22: =wimbledons_champions!D53 -> USA | E22: =wimbledons_champions!F53 -> 1 | F22: =wimbledons_champions!G53 -> 182 | G22: =wimbledons_champions!H53 -> 6-7 (10-12), 7-6 (7-5), 6-4, 6-2 | H22: =wimbledons_champions!S53 -> P.M. Rafter | I22: =wimbledons_champions!T53 -> AUS | J22: =wimbledons_champions!V53 -> 12
A23: =wimbledons_champions!A55 -> 1999 | B23: =wimbledons_champions!B55 -> Men's | C23: =wimbledons_champions!C55 -> P. Sampras | D23: =wimbledons_champions!D55 -> USA | E23: =wimbledons_champions!F55 -> 1 | F23: =wimbledons_champions!G55 -> 115 | G23: =wimbledons_champions!H55 -> 6-3, 6-4, 7-5 | H23: =wimbledons_champions!S55 -> A.K. Agassi | I23: =wimbledons_champions!T55 -> USA | J23: =wimbledons_champions!V55 -> 4
A24: =wimbledons_champions!A57 -> 1998 | B24: =wimbledons_champions!B57 -> Men's | C24: =wimbledons_champions!C57 -> P. Sampras | D24: =wimbledons_champions!D57 -> USA | E24: =wimbledons_champions!F57 -> 1 | F24: =wimbledons_champions!G57 -> 172 | G24: =wimbledons_champions!H57 -> 6-7 (2-7), 7-6 (11-9), 6-4, 3-6, 6-2 | H24: =wimbledons_champions!S57 -> G.S. Ivanisevic | I24: =wimbledons_champions!T57 -> CRO | J24: =wimbledons_champions!V57 -> 14
A25: =wimbledons_champions!A59 -> 1997 | B25: =wimbledons_champions!B59 -> Men's | C25: =wimbledons_champions!C59 -> P. Sampras | D25: =wimbledons_champions!D59 -> USA | E25: =wimbledons_champions!F59 -> 1 | F25: =wimbledons_champions!G59 -> 94 | G25: =wimbledons_champions!H59 -> 6-4, 6-2, 6-4 | H25: =wimbledons_champions!S59 -> C.A. Pioline | I25: =wimbledons_champions!T59 -> FRA | J25: =wimbledons_champions!V59 -> U
A26: =wimbledons_champions!A61 -> 1996 | B26: =wimbledons_champions!B61 -> Men's | C26: =wimbledons_champions!C61 -> R.P.S. Krajicek | D26: =wimbledons_champions!D61 -> NED | E26: =wimbledons_champions!F61 -> U | F26: =wimbledons_champions!G61 -> 94 | G26: =wimbledons_champions!H61 -> 6-3, 6-4, 6-3 | H26: =wimbledons_champions!S61 -> M.O. Washington | I26: =wimbledons_champions!T61 -> USA | J26: =wimbledons_champions!V61 -> U
A27: =wimbledons_champions!A63 -> 1995 | B27: =wimbledons_champions!B63 -> Men's | C27: =wimbledons_champions!C63 -> P. Sampras | D27: =wimbledons_champions!D63 -> USA | E27: =wimbledons_champions!F63 -> 2 | F27: =wimbledons_champions!G63 -> 149 | G27: =wimbledons_champions!H63 -> 6-7 (5-7), 6-2, 6-4, 6-2 | H27: =wimbledons_champions!S63 -> B.F. Becker | I27: =wimbledons_champions!T63 -> GER | J27: =wimbledons_champions!V63 -> 3
A28: =wimbledons_champions!A65 -> 1994 | B28: =wimbledons_champions!B65 -> Men's | C28: =wimbledons_champions!C65 -> P. Sampras | D28: =wimbledons_champions!D65 -> USA | E28: =wimbledons_champions!F65 -> 1 | F28: =wimbledons_champions!G65 -> 115 | G28: =wimbledons_champions!H65 -> 7-6 (7-2), 7-6 (7-5), 6-0 | H28: =wimbledons_champions!S65 -> G.S. Ivanisevic | I28: =wimbledons_champions!T65 -> CRO | J28: =wimbledons_champions!V65 -> 4
A29: =wimbledons_champions!A67 -> 1993 | B29: =wimbledons_champions!B67 -> Men's | C29: =wimbledons_champions!C67 -> P. Sampras | D29: =wimbledons_champions!D67 -> USA | E29: =wimbledons_champions!F67 -> 1 | F29: =wimbledons_champions!G67 -> 178 | G29: =wimbledons_champions!H67 -> 7-6 (7-3), 7-6 (8-6), 3-6, 6-3 | H29: =wimbledons_champions!S67 -> J.S. Courier | I29: =wimbledons_champions!T67 -> USA | J29: =wimbledons_champions!V67 -> 3
A30: =wimbledons_champions!A69 -> 1992 | B30: =wimbledons_champions!B69 -> Men's | C30: =wimbledons_champions!C69 -> A.K. Agassi | D30: =wimbledons_champions!D69 -> USA | E30: =wimbledons_champions!F69 -> 12 | F30: =wimbledons_champions!G69 -> 170 | G30: =wimbledons_champions!H69 -> 6-7 (8-10), 6-4, 6-4, 1-6, 6-4 | H30: =wimbledons_champions!S69 -> G.S. Ivanisevic | I30: =wimbledons_champions!T69 -> CRO | J30: =wimbledons_champions!V69 -> 8
A31: =wimbledons_champions!A71 -> 1991 | B31: =wimbledons_champions!B71 -> Men's | C31: =wimbledons_champions!C71 -> M.D. Stich | D31: =wimbledons_champions!D71 -> GER | E31: =wimbledons_champions!F71 -> 6 | F31: =wimbledons_champions!G71 -> 153 | G31: =wimbledons_champions!H71 -> 6-4, 7-6 (7-4), 6-4 | H31: =wimbledons_champions!S71 -> B.F. Becker | I31: =wimbledons_champions!T71 -> GER | J31: =wimbledons_champions!V71 -> 2
A32: =wimbledons_champions!A73 -> 1990 | B32: =wimbledons_champions!B73 -> Men's | C32: =wimbledons_champions!C73 -> S.B. Edberg | D32: =wimbledons_champions!D73 -> SWE | E32: =wimbledons_champions!F73 -> 3 | F32: =wimbledons_champions!G73 -> 178 | G32: =wimbledons_champions!H73 -> 6-2, 6-2, 3-6, 3-6, 6-4 | H32: =wimbledons_champions!S73 -> B.F. Becker | I32: =wimbledons_champions!T73 -> GER | J32: =wimbledons_champions!V73 -> 2
A33: =wimbledons_champions!A75 -> 1989 | B33: =wimbledons_champions!B75 -> Men's | C33: =wimbledons_champions!C75 -> B.F. Becker | D33: =wimbledons_champions!D75 -> GER | E33: =wimbledons_champions!F75 -> 3 | F33: =wimbledons_champions!G75 -> 132 | G33: =wimbledons_champions!H75 -> 6-0, 7-6 (7-1), 6-4 | H33: =wimbledons_champions!S75 -> S.B. Edberg | I33: =wimbledons_champions!T75 -> SWE | J33: =wimbledons_champions!V75 -> 2
A34: =wimbledons_champions!A77 -> 1988 | B34: =wimbledons_champions!B77 -> Men's | C34: =wimbledons_champions!C77 -> S.B. Edberg | D34: =wimbledons_champions!D77 -> SWE | E34: =wimbledons_champions!F77 -> 3 | F34: =wimbledons_champions!G77 -> 170 | G34: =wimbledons_champions!H77 -> 4-6, 7-6 (7-2), 6-4, 6-2 | H34: =wimbledons_champions!S77 -> B.F. Becker | I34: =wimbledons_champions!T77 -> GER | J34: =wimbledons_champions!V77 -> 6
A35: =wimbledons_champions!A79 -> 1987 | B35: =wimbledons_champions!B79 -> Men's | C35: =wimbledons_champions!C79 -> P.H. Cash | D35: =wimbledons_champions!D79 -> AUS | E35: =wimbledons_champions!F79 -> 11 | F35: =wimbledons_champions!G79 -> 165 | G35: =wimbledons_champions!H79 -> 7-6 (7-5), 6-2, 7-5 | H35: =wimbledons_champions!S79 -> I. Lendl | I35: =wimbledons_champions!T79 -> CZE | J35: =wimbledons_champions!V79 -> 2
A36: =wimbledons_champions!A81 -> 1986 | B36: =wimbledons_champions!B81 -> Men's | C36: =wimbledons_champions!C81 -> B.F. Becker | D36: =wimbledons_champions!D81 -> GER | E36: =wimbledons_champions!F81 -> 4 | F36: =wimbledons_champions!G81 -> 122 | G36: =wimbledons_champions!H81 -> 6-4, 6-3, 7-5 | H36: =wimbledons_champions!S81 -> I. Lendl | I36: =wimbledons_champions!T81 -> CZE | J36: =wimbledons_champions!V81 -> 1
A37: =wimbledons_champions!A83 -> 1985 | B37: =wimbledons_champions!B83 -> Men's | C37: =wimbledons_champions!C83 -> B.F. Becker | D37: =wimbledons_champions!D83 -> GER | E37: =wimbledons_champions!F83 -> U | F37: =wimbledons_champions!G83 -> 198 | G37: =wimbledons_champions!H83 -> 6-3, 6-7 (4-7), 7-6 (7-3), 6-4 | H37: =wimbledons_champions!S83 -> K.M. Curren | I37: =wimbledons_champions!T83 -> USA | J37: =wimbledons_champions!V83 -> 8
A38: =wimbledons_champions!A85 -> 1984 | B38: =wimbledons_champions!B85 -> Men's | C38: =wimbledons_champions!C85 -> J.P. McEnroe | D38: =wimbledons_champions!D85 -> USA | E38: =wimbledons_champions!F85 -> 1 | F38: =wimbledons_champions!G85 -> 80 | G38: =wimbledons_champions!H85 -> 6-1, 6-1, 6-2 | H38: =wimbledons_champions!S85 -> J.S. Connors | I38: =wimbledons_champions!T85 -> USA | J38: =wimbledons_champions!V85 -> 3
A39: =wimbledons_champions!A87 -> 1983 | B39: =wimbledons_champions!B87 -> Men's | C39: =wimbledons_champions!C87 -> J.P. McEnroe | D39: =wimbledons_champions!D87 -> USA | E39: =wimbledons_champions!F87 -> 2 | F39: =wimbledons_champions!G87 -> 85 | G39: =wimbledons_champions!H87 -> 6-2, 6-2, 6-2 | H39: =wimbledons_champions!S87 -> C.J. Lewis | I39: =wimbledons_champions!T87 -> NZL | J39: =wimbledons_champions!V87 -> U
A40: =wimbledons_champions!A89 -> 1982 | B40: =wimbledons_champions!B89 -> Men's | C40: =wimbledons_champions!C89 -> J.S. Connors | D40: =wimbledons_champions!D89 -> USA | E40: =wimbledons_champions!F89 -> 2 | F40: =wimbledons_champions!G89 -> 256 | G40: =wimbledons_champions!H89 -> 3-6, 6-3, 6-7 (2-7), 7-6 (7-5), 6-4 | H40: =wimbledons_champions!S89 -> J.P. McEnroe | I40: =wimbledons_champions!T89 -> USA | J40: =wimbledons_champions!V89 -> 1
A41: =wimbledons_champions!A91 -> 1981 | B41: =wimbledons_champions!B91 -> Men's | C41: =wimbledons_champions!C91 -> J.P. McEnroe | D41: =wimbledons_champions!D91 -> USA | E41: =wimbledons_champions!F91 -> 2 | F41: =wimbledons_champions!G91 -> 202 | G41: =wimbledons_champions!H91 -> 4-6, 7-6 (7-1), 7-6 (7-4), 6-4 | H41: =wimbledons_champions!S91 -> B.R. Borg | I41: =wimbledons_champions!T91 -> SWE | J41: =wimbledons_champions!V91 -> 1
A42: =wimbledons_champions!A93 -> 1980 | B42: =wimbledons_champions!B93 -> Men's | C42: =wimbledons_champions!C93 -> B.R. Borg | D42: =wimbledons_champions!D93 -> SWE | E42: =wimbledons_champions!F93 -> 1 | F42: =wimbledons_champions!G93 -> 233 | G42: =wimbledons_champions!H93 -> 1-6, 7-5, 6-3, 6-7 (16-18), 8-6 | H42: =wimbledons_champions!S93 -> J.P. McEnroe | I42: =wimbledons_champions!T93 -> USA | J42: =wimbledons_champions!V93 -> 2
A43: =wimbledons_champions!A95 -> 1979 | B43: =wimbledons_champions!B95 -> Men's | C43: =wimbledons_champions!C95 -> B.R. Borg | D43: =wimbledons_champions!D95 -> SWE | E43: =wimbledons_champions!F95 -> 1 | F43: =wimbledons_champions!G95 -> 169 | G43: =wimbledons_champions!H95 -> 6-7(4-7), 6-1, 3-6, 6-3, 6-4 | H43: =wimbledons_champions!S95 -> R. Tanner | I43: =wimbledons_champions!T95 -> USA | J43: =wimbledons_champions!V95 -> 5
A44: =wimbledons_champions!A97 -> 1978 | B44: =wimbledons_champions!B97 -> Men's | C44: =wimbledons_champions!C97 -> B.R. Borg | D44: =wimbledons_champions!D97 -> SWE | E44: =wimbledons_champions!F97 -> 1 | F44: =wimbledons_champions!G97 -> 108 | G44: =wimbledons_champions!H97 -> 6-2, 6-2, 6-3 | H44: =wimbledons_champions!S97 -> J.S. Connors | I44: =wimbledons_champions!T97 -> USA | J44: =wimbledons_champions!V97 -> 2
A45: =wimbledons_champions!A99 -> 1977 | B45: =wimbledons_champions!B99 -> Men's | C45: =wimbledons_champions!C99 -> B.R. Borg | D45: =wimbledons_champions!D99 -> SWE | E45: =wimbledons_champions!F99 -> 2 | F45: =wimbledons_champions!G99 -> 194 | G45: =wimbledons_champions!H99 -> 3-6, 6-2, 6-1, 5-7, 6-4 | H45: =wimbledons_champions!S99 -> J.S. Connors | I45: =wimbledons_champions!T99 -> USA | J45: =wimbledons_champions!V99 -> 1
A46: =wimbledons_champions!A101 -> 1976 | B46: =wimbledons_champions!B101 -> Men's | C46: =wimbledons_champions!C101 -> B.R. Borg | D46: =wimbledons_champions!D101 -> SWE | E46: =wimbledons_champions!F101 -> 4 | F46: =wimbledons_champions!G101 -> 110 | G46: =wimbledons_champions!H101 -> 6-4, 6-2, 9-7 | H46: =wimbledons_champions!S101 -> I. Nastase | I46: =wimbledons_champions!T101 -> ROM | J46: =wimbledons_champions!V101 -> 3
A47: =wimbledons_champions!A103 -> 1975 | B47: =wimbledons_champions!B103 -> Men's | C47: =wimbledons_champions!C103 -> A.R. Ashe | D47: =wimbledons_champions!D103 -> USA | E47: =wimbledons_champions!F103 -> 6 | F47: =wimbledons_champions!G103 -> 125 | G47: =wimbledons_champions!H103 -> 6-1, 6-1, 5-7, 6-4 | H47: =wimbledons_champions!S103 -> J.S. Connors | I47: =wimbledons_champions!T103 -> USA | J47: =wimbledons_champions!V103 -> 1
A48: =wimbledons_champions!A105 -> 1974 | B48: =wimbledons_champions!B105 -> Men's | C48: =wimbledons_champions!C105 -> J.S. Connors | D48: =wimbledons_champions!D105 -> USA | E48: =wimbledons_champions!F105 -> 3 | F48: =wimbledons_champions!G105 -> 93 | G48: =wimbledons_champions!H105 -> 6-1, 6-1, 6-4 | H48: =wimbledons_champions!S105 -> K.R. Rosewall | I48: =wimbledons_champions!T105 -> AUS | J48: =wimbledons_champions!V105 -> 9
A49: =wimbledons_champions!A107 -> 1973 | B49: =wimbledons_champions!B107 -> Men's | C49: =wimbledons_champions!C107 -> J. Kodes | D49: =wimbledons_champions!D107 -> CZE | E49: =wimbledons_champions!F107 -> 2 | F49: =wimbledons_champions!G107 -> 110 | G49: =wimbledons_champions!H107 -> 6-1, 9-8(7-5), 6-3 | H49: =wimbledons_champions!S107 -> A. Metreveli | I49: =wimbledons_champions!T107 -> URS | J49: =wimbledons_champions!V107 -> 4
A50: =wimbledons_champions!A109 -> 1972 | B50: =wimbledons_champions!B109 -> Men's | C50: =wimbledons_champions!C109 -> S.R. Smith | D50: =wimbledons_champions!D109 -> USA | E50: =wimbledons_champions!F109 -> 1 | F50: =wimbledons_champions!G109 -> 161 | G50: =wimbledons_champions!H109 -> 4-6, 6-3, 6-3, 4-6, 7-5 | H50: =wimbledons_champions!S109 -> I. Nastase | I50: =wimbledons_champions!T109 -> ROM | J50: =wimbledons_champions!V109 -> 2
A51: =wimbledons_champions!A111 -> 1971 | B51: =wimbledons_champions!B111 -> Men's | C51: =wimbledons_champions!C111 -> J.D. Newcombe | D51: =wimbledons_champions!D111 -> AUS | E51: =wimbledons_champions!F111 -> 2 | F51: =wimbledons_champions!G111 -> 170 | G51: =wimbledons_champions!H111 -> 6-3, 5-7, 2-6, 6-4, 6-4 | H51: =wimbledons_champions!S111 -> S.R. Smith | I51: =wimbledons_champions!T111 -> USA | J51: =wimbledons_champions!V111 -> 4
A52: =wimbledons_champions!A113 -> 1970 | B52: =wimbledons_champions!B113 -> Men's | C52: =wimbledons_champions!C113 -> J.D. Newcombe | D52: =wimbledons_champions!D113 -> AUS | E52: =wimbledons_champions!F113 -> 2 | F52: =wimbledons_champions!G113 -> 163 | G52: =wimbledons_champions!H113 -> 5-7, 6-3, 6-2, 3-6, 6-1 | H52: =wimbledons_champions!S113 -> K.R. Rosewall | I52: =wimbledons_champions!T113 -> AUS | J52: =wimbledons_champions!V113 -> 5
A53: =wimbledons_champions!A115 -> 1969 | B53: =wimbledons_champions!B115 -> Men's | C53: =wimbledons_champions!C115 -> R.G. Laver | D53: =wimbledons_champions!D115 -> AUS | E53: =wimbledons_champions!F115 -> 1 | F53: =wimbledons_champions!G115 -> 136 | G53: =wimbledons_champions!H115 -> 6-4, 5-7, 6-4, 6-4 | H53: =wimbledons_champions!S115 -> J.D. Newcombe | I53: =wimbledons_champions!T115 -> AUS | J53: =wimbledons_champions!V115 -> 6
A54: =wimbledons_champions!A117 -> 1968 | B54: =wimbledons_champions!B117 -> Men's | C54: =wimbledons_champions!C117 -> R.G. Laver | D54: =wimbledons_champions!D117 -> AUS | E54: =wimbledons_champions!F117 -> 1 | F54: =wimbledons_champions!G117 -> 60 | G54: =wimbledons_champions!H117 -> 6-3, 6-4, 6-2 | H54: =wimbledons_champions!S117 -> A.D. Roche | I54: =wimbledons_champions!T117 -> AUS | J54: =wimbledons_champions!V117 -> 15
A55: =wimbledons_champions!A119 -> 1967 | B55: =wimbledons_champions!B119 -> Men's | C55: =wimbledons_champions!C119 -> J.D. Newcombe | D55: =wimbledons_champions!D119 -> AUS | E55: =wimbledons_champions!F119 -> 3 | F55: =wimbledons_champions!G119 -> 71 | G55: =wimbledons_champions!H119 -> 6-3, 6-1, 6-1 | H55: =wimbledons_champions!S119 -> W.P. Bungert | I55: =wimbledons_champions!T119 -> GER | J55: =wimbledons_champions!V119 -> U
A56: =wimbledons_champions!A121 -> 1966 | B56: =wimbledons_champions!B121 -> Men's | C56: =wimbledons_champions!C121 -> M.M. Santana | D56: =wimbledons_champions!D121 -> ESP | E56: =wimbledons_champions!F121 -> 4 | F56: =wimbledons_champions!G121 -> 104 | G56: =wimbledons_champions!H121 -> 6-4, 11-9, 6-4 | H56: =wimbledons_champions!S121 -> R.D. Ralston | I56: =wimbledons_champions!T121 -> USA | J56: =wimbledons_champions!V121 -> 6
A57: =wimbledons_champions!A123 -> 1965 | B57: =wimbledons_champions!B123 -> Men's | C57: =wimbledons_champions!C123 -> R.S. Emerson | D57: =wimbledons_champions!D123 -> AUS | E57: =wimbledons_champions!F123 -> 1 | F57: =wimbledons_champions!G123 -> 67 | G57: =wimbledons_champions!H123 -> 6-2, 6-4, 6-4 | H57: =wimbledons_champions!S123 -> F.S. Stolle | I57: =wimbledons_champions!T123 -> AUS | J57: =wimbledons_champions!V123 -> 2
A58: =wimbledons_champions!A125 -> 1964 | B58: =wimbledons_champions!B125 -> Men's | C58: =wimbledons_champions!C125 -> R.S. Emerson | D58: =wimbledons_champions!D125 -> AUS | E58: =wimbledons_champions!F125 -> 1 | F58: =wimbledons_champions!G125 -> 127 | G58: =wimbledons_champions!H125 -> 6-4, 12-10, 4-6, 6-3 | H58: =wimbledons_champions!S125 -> F.S. Stolle | I58: =wimbledons_champions!T125 -> AUS | J58: =wimbledons_champions!V125 -> 6
A59: =wimbledons_champions!A127 -> 1963 | B59: =wimbledons_champions!B127 -> Men's | C59: =wimbledons_champions!C127 -> C.R. McKinley | D59: =wimbledons_champions!D127 -> USA | E59: =wimbledons_champions!F127 -> 4 | F59: =wimbledons_champions!G127 -> 78 | G59: =wimbledons_champions!H127 -> 9-7, 6-1, 6-4 | H59: =wimbledons_champions!S127 -> F.S. Stolle | I59: =wimbledons_champions!T127 -> AUS | J59: =wimbledons_champions!V127 -> U
A60: =wimbledons_champions!A129 -> 1962 | B60: =wimbledons_champions!B129 -> Men's | C60: =wimbledons_champions!C129 -> R.G. Laver | D60: =wimbledons_champions!D129 -> AUS | E60: =wimbledons_champions!F129 -> 1 | F60: =wimbledons_champions!G129 -> 51 | G60: =wimbledons_champions!H129 -> 6-2, 6-2, 6-1 | H60: =wimbledons_champions!S129 -> M.F. Mulligan | I60: =wimbledons_champions!T129 -> AUS | J60: =wimbledons_champions!V129 -> U
A61: =wimbledons_champions!A131 -> 1961 | B61: =wimbledons_champions!B131 -> Men's | C61: =wimbledons_champions!C131 -> R.G. Laver | D61: =wimbledons_champions!D131 -> AUS | E61: =wimbledons_champions!F131 -> 2 | F61: =wimbledons_champions!G131 -> 55 | G61: =wimbledons_champions!H131 -> 6-3, 6-1, 6-4 | H61: =wimbledons_champions!S131 -> C.R. McKinley | I61: =wimbledons_champions!T131 -> USA | J61: =wimbledons_champions!V131 -> 8
A62: =wimbledons_champions!A133 -> 1960 | B62: =wimbledons_champions!B133 -> Men's | C62: =wimbledons_champions!C133 -> N.A. Fraser | D62: =wimbledons_champions!D133 -> AUS | E62: =wimbledons_champions!F133 -> 1 | F62: =wimbledons_champions!G133 -> 130 | G62: =wimbledons_champions!H133 -> 6-4, 3-6, 9-7, 7-5 | H62: =wimbledons_champions!S133 -> R.G. Laver | I62: =wimbledons_champions!T133 -> AUS | J62: =wimbledons_champions!V133 -> 3
A63: =wimbledons_champions!A135 -> 1959 | B63: =wimbledons_champions!B135 -> Men's | C63: =wimbledons_champions!C135 -> A.R. Olmedo | D63: =wimbledons_champions!D135 -> USA | E63: =wimbledons_champions!F135 -> 1 | F63: =wimbledons_champions!G135 -> 71 | G63: =wimbledons_champions!H135 -> 6-4, 6-3, 6-4 | H63: =wimbledons_champions!S135 -> R.G. Laver | I63: =wimbledons_champions!T135 -> AUS | J63: =wimbledons_champions!V135 -> U
A64: =wimbledons_champions!A137 -> 1958 | B64: =wimbledons_champions!B137 -> Men's | C64: =wimbledons_champions!C137 -> A.J. Cooper | D64: =wimbledons_champions!D137 -> AUS | E64: =wimbledons_champions!F137 -> 1 | F64: =wimbledons_champions!G137 -> 130 | G64: =wimbledons_champions!H137 -> 3-6, 6-3, 6-4, 13-11 | H64: =wimbledons_champions!S137 -> N.A. Fraser | I64: =wimbledons_champions!T137 -> AUS | J64: =wimbledons_champions!V137 -> 4
A65: =wimbledons_champions!A139 -> 1957 | B65: =wimbledons_champions!B139 -> Men's | C65: =wimbledons_champions!C139 -> L.A. Hoad | D65: =wimbledons_champions!D139 -> AUS | E65: =wimbledons_champions!F139 -> 1 | F65: =wimbledons_champions!G139 -> 57 | G65: =wimbledons_champions!H139 -> 6-2, 6-1, 6-2 | H65: =wimbledons_champions!S139 -> A.J. Cooper | I65: =wimbledons_champions!T139 -> AUS | J65: =wimbledons_champions!V139 -> 2
A66: =wimbledons_champions!A141 -> 1956 | B66: =wimbledons_champions!B141 -> Men's | C66: =wimbledons_champions!C141 -> L.A. Hoad | D66: =wimbledons_champions!D141 -> AUS | E66: =wimbledons_champions!F141 -> 1 | F66: =wimbledons_champions!G141 -> 117 | G66: =wimbledons_champions!H141 -> 6-2, 4-6, 7-5, 6-4 | H66: =wimbledons_champions!S141 -> K.R. Rosewall | I66: =wimbledons_champions!T141 -> AUS | J66: =wimbledons_champions!V141 -> 2
A67: =wimbledons_champions!A143 -> 1955 | B67: =wimbledons_champions!B143 -> Men's | C67: =wimbledons_champions!C143 -> M.A. Trabert | D67: =wimbledons_champions!D143 -> USA | E67: =wimbledons_champions!F143 -> 1 | F67: =wimbledons_champions!G143 -> 73 | G67: =wimbledons_champions!H143 -> 6-3, 7-5, 6-1 | H67: =wimbledons_champions!S143 -> K. Nielsen | I67: =wimbledons_champions!T143 -> DEN | J67: =wimbledons_champions!V143 -> U
A68: =wimbledons_champions!A145 -> 1954 | B68: =wimbledons_champions!B145 -> Men's | C68: =wimbledons_champions!C145 -> J. Drobny | D68: =wimbledons_champions!D145 -> CZE | E68: =wimbledons_champions!F145 -> 11 | F68: =wimbledons_champions!G145 -> 157 | G68: =wimbledons_champions!H145 -> 13-11, 4-6, 6-2, 9-7 | H68: =wimbledons_champions!S145 -> K.R. Rosewall | I68: =wimbledons_champions!T145 -> AUS | J68: =wimbledons_champions!V145 -> 3
A69: =wimbledons_champions!A147 -> 1953 | B69: =wimbledons_champions!B147 -> Men's | C69: =wimbledons_champions!C147 -> E.V. Seixas | D69: =wimbledons_champions!D147 -> USA | E69: =wimbledons_champions!F147 -> 2 | F69: =wimbledons_champions!G147 -> 80 | G69: =wimbledons_champions!H147 -> 9-7, 6-3, 6-4 | H69: =wimbledons_champions!S147 -> K. Nielsen | I69: =wimbledons_champions!T147 -> DEN | J69: =wimbledons_champions!V147 -> U
A70: =wimbledons_champions!A149 -> 1952 | B70: =wimbledons_champions!B149 -> Men's | C70: =wimbledons_champions!C149 -> F.A. Sedgman | D70: =wimbledons_champions!D149 -> AUS | E70: =wimbledons_champions!F149 -> 1 | F70: =wimbledons_champions!G149 -> 80 | G70: =wimbledons_champions!H149 -> 4-6, 6-2, 6-3, 6-2 | H70: =wimbledons_champions!S149 -> J. Drobny | I70: =wimbledons_champions!T149 -> CZE | J70: =wimbledons_champions!V149 -> 2
A71: =wimbledons_champions!A151 -> 1951 | B71: =wimbledons_champions!B151 -> Men's | C71: =wimbledons_champions!C151 -> R. Savitt | D71: =wimbledons_champions!D151 -> USA | E71: =wimbledons_champions!F151 -> 6 | F71: =wimbledons_champions!G151 -> 62 | G71: =wimbledons_champions!H151 -> 6-4, 6-4, 6-4 | H71: =wimbledons_champions!S151 -> K.B. McGregor | I71: =wimbledons_champions!T151 -> AUS | J71: =wimbledons_champions!V151 -> 7
A72: =wimbledons_champions!A153 -> 1950 | B72: =wimbledons_champions!B153 -> Men's | C72: =wimbledons_champions!C153 -> J.E. Patty | D72: =wimbledons_champions!D153 -> USA | E72: =wimbledons_champions!F153 -> 5 | F72: =wimbledons_champions!G153 -> 120 | G72: =wimbledons_champions!H153 -> 6-1, 8-10, 6-2, 6-3 | H72: =wimbledons_champions!S153 -> F.A. Sedgman | I72: =wimbledons_champions!T153 -> AUS | J72: =wimbledons_champions!V153 -> 1
A73: =wimbledons_champions!A155 -> 1949 | B73: =wimbledons_champions!B155 -> Men's | C73: =wimbledons_champions!C155 -> F.R. Schroeder | D73: =wimbledons_champions!D155 -> USA | E73: =wimbledons_champions!F155 -> 1 | F73: =wimbledons_champions!G155 -> 100 | G73: =wimbledons_champions!H155 -> 3-6, 6-0, 6-3, 4-6, 6-4 | H73: =wimbledons_champions!S155 -> J. Drobny | I73: =wimbledons_champions!T155 -> CZE | J73: =wimbledons_champions!V155 -> 6
A74: =wimbledons_champions!A157 -> 1948 | B74: =wimbledons_champions!B157 -> Men's | C74: =wimbledons_champions!C157 -> R. Falkenburg | D74: =wimbledons_champions!D157 -> USA | E74: =wimbledons_champions!F157 -> 7 | F74: =wimbledons_champions!G157 -> 125 | G74: =wimbledons_champions!H157 -> 7-5, 0-6, 6-2, 3-6, 7-5 | H74: =wimbledons_champions!S157 -> J.E. Bromwich | I74: =wimbledons_champions!T157 -> AUS | J74: =wimbledons_champions!V157 -> 2
A75: =wimbledons_champions!A159 -> 1947 | B75: =wimbledons_champions!B159 -> Men's | C75: =wimbledons_champions!C159 -> J.A. Kramer | D75: =wimbledons_champions!D159 -> USA | E75: =wimbledons_champions!F159 -> 1 | F75: =wimbledons_champions!G159 -> 45 | G75: =wimbledons_champions!H159 -> 6-1, 6-3, 6-2 | H75: =wimbledons_champions!S159 -> T.P. Brown | I75: =wimbledons_champions!T159 -> USA | J75: =wimbledons_champions!V159 -> 3
A76: =wimbledons_champions!A161 -> 1946 | B76: =wimbledons_champions!B161 -> Men's | C76: =wimbledons_champions!C161 -> Y.F.M. Petra | D76: =wimbledons_champions!D161 -> FRA | E76: =wimbledons_champions!F161 -> 5 | F76: =wimbledons_champions!G161 -> 0 | G76: =wimbledons_champions!H161 -> 6-2, 6-4, 7-9, 5-7, 6-4 | H76: =wimbledons_champions!S161 -> G.E. Brown | I76: =wimbledons_champions!T161 -> AUS | J76: =wimbledons_champions!V161 -> 3
A77: =wimbledons_champions!A163 -> 1939 | B77: =wimbledons_champions!B163 -> Men's | C77: =wimbledons_champions!C163 -> R.L. Riggs | D77: =wimbledons_champions!D163 -> USA | E77: =wimbledons_champions!F163 -> 2 | F77: =wimbledons_champions!G163 -> 135 | G77: =wimbledons_champions!H163 -> 2-6, 8-6, 3-6, 6-3, 6-2 | H77: =wimbledons_champions!S163 -> E.T. Cooke | I77: =wimbledons_champions!T163 -> USA | J77: =wimbledons_champions!V163 -> 6
A78: =wimbledons_champions!A165 -> 1938 | B78: =wimbledons_champions!B165 -> Men's | C78: =wimbledons_champions!C165 -> J.D. Budge | D78: =wimbledons_champions!D165 -> USA | E78: =wimbledons_champions!F165 -> 1 | F78: =wimbledons_champions!G165 -> 59 | G78: =wimbledons_champions!H165 -> 6-1, 6-0, 6-3 | H78: =wimbledons_champions!S165 -> H.W. Austin | I78: =wimbledons_champions!T165 -> GBR | J78: =wimbledons_champions!V165 -> 2
A79: =wimbledons_champions!A167 -> 1937 | B79: =wimbledons_champions!B167 -> Men's | C79: =wimbledons_champions!C167 -> J.D. Budge | D79: =wimbledons_champions!D167 -> USA | E79: =wimbledons_champions!F167 -> 1 | F79: =wimbledons_champions!G167 -> 65 | G79: =wimbledons_champions!H167 -> 6-3, 6-4, 6-2 | H79: =wimbledons_champions!S167 -> G. von Cramm | I79: =wimbledons_champions!T167 -> GER | J79: =wimbledons_champions!V167 -> 2
A80: =wimbledons_champions!A169 -> 1936 | B80: =wimbledons_champions!B169 -> Men's | C80: =wimbledons_champions!C169 -> F.J. Perry | D80: =wimbledons_champions!D169 -> GBR | E80: =wimbledons_champions!F169 -> 1 | F80: =wimbledons_champions!G169 -> 40 | G80: =wimbledons_champions!H169 -> 6-1, 6-1, 6-0 | H80: =wimbledons_champions!S169 -> G. von Cramm | I80: =wimbledons_champions!T169 -> GER | J80: =wimbledons_champions!V169 -> 2
A81: =wimbledons_champions!A171 -> 1935 | B81: =wimbledons_champions!B171 -> Men's | C81: =wimbledons_champions!C171 -> F.J. Perry | D81: =wimbledons_champions!D171 -> GBR | E81: =wimbledons_champions!F171 -> 1 | F81: =wimbledons_champions!G171 -> 80 | G81: =wimbledons_champions!H171 -> 6-2, 6-4, 6-4 | H81: =wimbledons_champions!S171 -> G. von Cramm | I81: =wimbledons_champions!T171 -> GER | J81: =wimbledons_champions!V171 -> 2
A82: =wimbledons_champions!A173 -> 1934 | B82: =wimbledons_champions!B173 -> Men's | C82: =wimbledons_champions!C173 -> F.J. Perry | D82: =wimbledons_champions!D173 -> GBR | E82: =wimbledons_champions!F173 -> 2 | F82: =wimbledons_champions!G173 -> 72 | G82: =wimbledons_champions!H173 -> 6-3, 6-0, 7-5 | H82: =wimbledons_champions!S173 -> J.H. Crawford | I82: =wimbledons_champions!T173 -> AUS | J82: =wimbledons_champions!V173 -> 1
A83: =wimbledons_champions!A175 -> 1933 | B83: =wimbledons_champions!B175 -> Men's | C83: =wimbledons_champions!C175 -> J.H. Crawford | D83: =wimbledons_champions!D175 -> AUS | E83: =wimbledons_champions!F175 -> 2 | F83: =wimbledons_champions!G175 -> 120 | G83: =wimbledons_champions!H175 -> 4-6, 11-9, 6-2, 2-6, 6-4 | H83: =wimbledons_champions!S175 -> H.E. Vines | I83: =wimbledons_champions!T175 -> USA | J83: =wimbledons_champions!V175 -> 1
A84: =wimbledons_champions!A177 -> 1932 | B84: =wimbledons_champions!B177 -> Men's | C84: =wimbledons_champions!C177 -> H.E. Vines | D84: =wimbledons_champions!D177 -> USA | E84: =wimbledons_champions!F177 -> 2 | F84: =wimbledons_champions!G177 -> 50 | G84: =wimbledons_champions!H177 -> 6-2, 6-2, 6-0 | H84: =wimbledons_champions!S177 -> H.W. Austin | I84: =wimbledons_champions!T177 -> GBR | J84: =wimbledons_champions!V177 -> 6
A85: =wimbledons_champions!A179 -> 1931 | B85: =wimbledons_champions!B179 -> Men's | C85: =wimbledons_champions!C179 -> S.B.B. Wood | D85: =wimbledons_champions!D179 -> USA | E85: =wimbledons_champions!F179 -> 7 | F85: =wimbledons_champions!G179 -> 0 | G85: =wimbledons_champions!H179 -> walk over | H85: =wimbledons_champions!S179 -> F.X. Shields | I85: =wimbledons_champions!T179 -> USA | J85: =wimbledons_champions!V179 -> 3
A86: =wimbledons_champions!A181 -> 1930 | B86: =wimbledons_champions!B181 -> Men's | C86: =wimbledons_champions!C181 -> W.T. Tilden | D86: =wimbledons_champions!D181 -> USA | E86: =wimbledons_champions!F181 -> 2 | F86: =wimbledons_champions!G181 -> 70 | G86: =wimbledons_champions!H181 -> 6-3, 9-7, 6-4 | H86: =wimbledons_champions!S181 -> W.L. Allison | I86: =wimbledons_champions!T181 -> USA | J86: =wimbledons_champions!V181 -> U
A87: =wimbledons_champions!A183 -> 1929 | B87: =wimbledons_champions!B183 -> Men's | C87: =wimbledons_champions!C183 -> H.J. Cochet | D87: =wimbledons_champions!D183 -> FRA | E87: =wimbledons_champions!F183 -> 1 | F87: =wimbledons_champions!G183 -> 60 | G87: =wimbledons_champions!H183 -> 6-4, 6-3, 6-4 | H87: =wimbledons_champions!S183 -> J.R. Borotra | I87: =wimbledons_champions!T183 -> FRA | J87: =wimbledons_champions!V183 -> 2
A88: =wimbledons_champions!A185 -> 1928 | B88: =wimbledons_champions!B185 -> Men's | C88: =wimbledons_champions!C185 -> J.R. Lacoste | D88: =wimbledons_champions!D185 -> FRA | E88: =wimbledons_champions!F185 -> 2 | F88: =wimbledons_champions!G185 -> 0 | G88: =wimbledons_champions!H185 -> 6-1, 4-6, 6-4, 6-2 | H88: =wimbledons_champions!S185 -> H.J. Cochet | I88: =wimbledons_champions!T185 -> FRA | J88: =wimbledons_champions!V185 -> 1
A89: =wimbledons_champions!A187 -> 1927 | B89: =wimbledons_champions!B187 -> Men's | C89: =wimbledons_champions!C187 -> H.J. Cochet | D89: =wimbledons_champions!D187 -> FRA | E89: =wimbledons_champions!F187 -> 4 | F89: =wimbledons_champions!G187 -> 0 | G89: =wimbledons_champions!H187 -> 4-6, 4-6, 6-3, 6-4, 7-5 | H89: =wimbledons_champions!S187 -> J.R. Borotra | I89: =wimbledons_champions!T187 -> FRA | J89: =wimbledons_champions!V187 -> 3
A90: =wimbledons_champions!A189 -> 1926 | B90: =wimbledons_champions!B189 -> Men's | C90: =wimbledons_champions!C189 -> J.R. Borotra | D90: =wimbledons_champions!D189 -> FRA | E90: =wimbledons_champions!F189 -> 0 | F90: =wimbledons_champions!G189 -> 65 | G90: =wimbledons_champions!H189 -> 8-6, 6-1, 6-3 | H90: =wimbledons_champions!S189 -> H.O. Kinsey | I90: =wimbledons_champions!T189 -> USA | J90: =wimbledons_champions!V189 -> 0
A91: =wimbledons_champions!A191 -> 1925 | B91: =wimbledons_champions!B191 -> Men's | C91: =wimbledons_champions!C191 -> J.R. Lacoste | D91: =wimbledons_champions!D191 -> FRA | E91: =wimbledons_champions!F191 -> 0 | F91: =wimbledons_champions!G191 -> 0 | G91: =wimbledons_champions!H191 -> 6-3, 6-3, 4-6, 8-6 | H91: =wimbledons_champions!S191 -> J.R. Borotra | I91: =wimbledons_champions!T191 -> FRA | J91: =wimbledons_champions!V191 -> 0
A92: =wimbledons_champions!A193 -> 1924 | B92: =wimbledons_champions!B193 -> Men's | C92: =wimbledons_champions!C193 -> J.R. Borotra | D92: =wimbledons_champions!D193 -> FRA | E92: =wimbledons_champions!F193 -> 0 | F92: =wimbledons_champions!G193 -> 80 | G92: =wimbledons_champions!H193 -> 6-1, 3-6, 6-1, 3-6, 6-4 | H92: =wimbledons_champions!S193 -> J.R. Lacoste | I92: =wimbledons_champions!T193 -> FRA | J92: =wimbledons_champions!V193 -> 0
A93: =wimbledons_champions!A195 -> 1923 | B93: =wimbledons_champions!B195 -> Men's | C93: =wimbledons_champions!C195 -> W. M. Johnston | D93: =wimbledons_champions!D195 -> USA | E93: =wimbledons_champions!F195 -> 0 | F93: =wimbledons_champions!G195 -> 46 | G93: =wimbledons_champions!H195 -> 6-0, 6-3, 6-1 | H93: =wimbledons_champions!S195 -> F.T. Hunter | I93: =wimbledons_champions!T195 -> USA | J93: =wimbledons_champions!V195 -> 0
A94: =wimbledons_champions!A197 -> 1922 | B94: =wimbledons_champions!B197 -> Men's | C94: =wimbledons_champions!C197 -> G.L. Patterson | D94: =wimbledons_champions!D197 -> AUS | E94: =wimbledons_champions!F197 -> 0 | F94: =wimbledons_champions!G197 -> 0 | G94: =wimbledons_champions!H197 -> 6-3, 6-4, 6-2 | H94: =wimbledons_champions!S197 -> R. Lycett | I94: =wimbledons_champions!T197 -> GBR | J94: =wimbledons_champions!V197 -> 0
A95: =wimbledons_champions!A199 -> 1921 | B95: =wimbledons_champions!B199 -> Men's | C95: =wimbledons_champions!C199 -> W.T. Tilden | D95: =wimbledons_champions!D199 -> USA | E95: =wimbledons_champions!F199 -> 0 | F95: =wimbledons_champions!G199 -> 0 | G95: =wimbledons_champions!H199 -> 4-6, 2-6, 6-1, 6-0, 7-5 | H95: =wimbledons_champions!S199 -> B.I.C. Norton | I95: =wimbledons_champions!T199 -> RSA | J95: =wimbledons_champions!V199 -> 0
A96: =wimbledons_champions!A201 -> 1920 | B96: =wimbledons_champions!B201 -> Men's | C96: =wimbledons_champions!C201 -> W.T. Tilden | D96: =wimbledons_champions!D201 -> USA | E96: =wimbledons_champions!F201 -> 0 | F96: =wimbledons_champions!G201 -> 0 | G96: =wimbledons_champions!H201 -> 2-6, 6-3, 6-2, 6-4 | H96: =wimbledons_champions!S201 -> G.L. Patterson | I96: =wimbledons_champions!T201 -> AUS | J96: =wimbledons_champions!V201 -> 0
A97: =wimbledons_champions!A203 -> 1919 | B97: =wimbledons_champions!B203 -> Men's | C97: =wimbledons_champions!C203 -> G.L. Patterson | D97: =wimbledons_champions!D203 -> AUS | E97: =wimbledons_champions!F203 -> 0 | F97: =wimbledons_champions!G203 -> 0 | G97: =wimbledons_champions!H203 -> 6-3, 7-5, 6-2 | H97: =wimbledons_champions!S203 -> N.E. Brookes | I97: =wimbledons_champions!T203 -> AUS | J97: =wimbledons_champions!V203 -> 0
A98: =wimbledons_champions!A205 -> 1914 | B98: =wimbledons_champions!B205 -> Men's | C98: =wimbledons_champions!C205 -> N.E. Brookes | D98: =wimbledons_champions!D205 -> AUS | E98: =wimbledons_champions!F205 -> 0 | F98: =wimbledons_champions!G205 -> 0 | G98: =wimbledons_champions!H205 -> 6-4, 6-4, 7-5 | H98: =wimbledons_champions!S205 -> A.F. Wilding | I98: =wimbledons_champions!T205 -> NZL | J98: =wimbledons_champions!V205 -> 0
A99: =wimbledons_champions!A207 -> 1913 | B99: =wimbledons_champions!B207 -> Men's | C99: =wimbledons_champions!C207 -> A.F. Wilding | D99: =wimbledons_champions!D207 -> NZL | E99: =wimbledons_champions!F207 -> 0 | F99: =wimbledons_champions!G207 -> 0 | G99: =wimbledons_champions!H207 -> 8-6, 6-3, 10-8 | H99: =wimbledons_champions!S207 -> M.E. McLoughlin | I99: =wimbledons_champions!T207 -> USA | J99: =wimbledons_champions!V207 -> 0
A100: =wimbledons_champions!A209 -> 1912 | B100: =wimbledons_champions!B209 -> Men's | C100: =wimbledons_champions!C209 -> A.F. Wilding | D100: =wimbledons_champions!D209 -> NZL | E100: =wimbledons_champions!F209 -> 0 | F100: =wimbledons_champions!G209 -> 0 | G100: =wimbledons_champions!H209 -> 6-4, 6-4, 4-6, 6-4 | H100: =wimbledons_champions!S209 -> A.W. Gore | I100: =wimbledons_champions!T209 -> GBR | J100: =wimbledons_champions!V209 -> 0
...

Sheet Women-1
A1: =wimbledons_champions!A1 -> Year | B1: =wimbledons_champions!B1 -> Gender | C1: =wimbledons_champions!C1 -> Champion | D1: =wimbledons_champions!D1 -> Champion Nationality | E1: =wimbledons_champions!F1 -> Champion Seed | F1: =wimbledons_champions!G1 -> Mins | G1: =wimbledons_champions!H1 -> Score | H1: =wimbledons_champions!S1 -> Runner-up | I1: =wimbledons_champions!T1 -> Runner-up Nationality | J1: =wimbledons_champions!V1 -> Runner-up Seed
A2: 2021 | B2: Women's | C2: A. Barty | D2: Aus | E2: 1 | F2: 116 | G2: 6-3,6-7,6-3 | H2: k.Pliskova | I2: CZE | J2: 8
A3: =wimbledons_champions!A14 -> 2019 | B3: =wimbledons_champions!B14 -> Women's | C3: =wimbledons_champions!C14 -> S.Halep | D3: =wimbledons_champions!D14 -> ROU | E3: =wimbledons_champions!F14 -> 7 | F3: =wimbledons_champions!G14 -> 56 | G3: =wimbledons_champions!H14 -> 6-2,6-2 | H3: =wimbledons_champions!S14 -> S. Williams | I3: =wimbledons_champions!T14 -> USA | J3: =wimbledons_champions!V14 -> 11
A4: =wimbledons_champions!A16 -> 2018 | B4: =wimbledons_champions!B16 -> Women's | C4: =wimbledons_champions!C16 -> A. Kerber | D4: =wimbledons_champions!D16 -> GER | E4: =wimbledons_champions!F16 -> 11 | F4: =wimbledons_champions!G16 -> 65 | G4: =wimbledons_champions!H16 -> 6-3,6-3 | H4: =wimbledons_champions!S16 -> S. Williams | I4: =wimbledons_champions!T16 -> USA | J4: =wimbledons_champions!V16 -> 25
A5: =wimbledons_champions!A18 -> 2017 | B5: =wimbledons_champions!B18 -> Women's | C5: =wimbledons_champions!C18 -> G. Muguruza | D5: =wimbledons_champions!D18 -> ESP | E5: =wimbledons_champions!F18 -> 14 | F5: =wimbledons_champions!G18 -> 77 | G5: =wimbledons_champions!H18 -> 7-5,6-0 | H5: =wimbledons_champions!S18 -> V.E.S. Williams | I5: =wimbledons_champions!T18 -> USA | J5: =wimbledons_champions!V18 -> 10
A6: =wimbledons_champions!A20 -> 2016 | B6: =wimbledons_champions!B20 -> Women's | C6: =wimbledons_champions!C20 -> S. Williams | D6: =wimbledons_champions!D20 -> USA | E6: =wimbledons_champions!F20 -> 1 | F6: =wimbledons_champions!G20 -> 83 | G6: =wimbledons_champions!H20 -> 7-5, 6-3 | H6: =wimbledons_champions!S20 -> A. Kerber | I6: =wimbledons_champions!T20 -> GER | J6: =wimbledons_champions!V20 -> 4
A7: =wimbledons_champions!A22 -> 2015 | B7: =wimbledons_champions!B22 -> Women's | C7: =wimbledons_champions!C22 -> S. Williams | D7: =wimbledons_champions!D22 -> USA | E7: =wimbledons_champions!F22 -> 1 | F7: =wimbledons_champions!G22 -> 83 | G7: =wimbledons_champions!H22 -> 6-4, 6-4 | H7: =wimbledons_champions!S22 -> G. Muguruza | I7: =wimbledons_champions!T22 -> ESP | J7: =wimbledons_champions!V22 -> 20
A8: =wimbledons_champions!A24 -> 2014 | B8: =wimbledons_champions!B24 -> Women's | C8: =wimbledons_champions!C24 -> P. Kvitová | D8: =wimbledons_champions!D24 -> CZE | E8: =wimbledons_champions!F24 -> 6 | F8: =wimbledons_champions!G24 -> 55 | G8: =wimbledons_champions!H24 -> 6-3, 6-0 | H8: =wimbledons_champions!S24 -> E. Bouchard | I8: =wimbledons_champions!T24 -> CND | J8: =wimbledons_champions!V24 -> 13
A9: =wimbledons_champions!A26 -> 2013 | B9: =wimbledons_champions!B26 -> Women's | C9: =wimbledons_champions!C26 -> M. Bartoli | D9: =wimbledons_champions!D26 -> FRA | E9: =wimbledons_champions!F26 -> 15 | F9: =wimbledons_champions!G26 -> 81 | G9: =wimbledons_champions!H26 -> 6-2,1-6,6-4 | H9: =wimbledons_champions!S26 -> S. Lisicki | I9: =wimbledons_champions!T26 -> GER | J9: =wimbledons_champions!V26 -> 23
A10: =wimbledons_champions!A28 -> 2012 | B10: =wimbledons_champions!B28 -> Women's | C10: =wimbledons_champions!C28 -> S. Williams | D10: =wimbledons_champions!D28 -> USA | E10: =wimbledons_champions!F28 -> 6 | F10: =wimbledons_champions!G28 -> 122 | G10: =wimbledons_champions!H28 -> 6-1, 5-7, 6-2 | H10: =wimbledons_champions!S28 -> A. Radwańska | I10: =wimbledons_champions!T28 -> POL | J10: =wimbledons_champions!V28 -> 3
A11: =wimbledons_champions!A30 -> 2011 | B11: =wimbledons_champions!B30 -> Women's | C11: =wimbledons_champions!C30 -> P. Kvitova | D11: =wimbledons_champions!D30 -> CZE | E11: =wimbledons_champions!F30 -> 8 | F11: =wimbledons_champions!G30 -> 85 | G11: =wimbledons_champions!H30 -> 6-3, 6-4 | H11: =wimbledons_champions!S30 -> M. Sharapova | I11: =wimbledons_champions!T30 -> RUS | J11: =wimbledons_champions!V30 -> 5
A12: =wimbledons_champions!A32 -> 2010 | B12: =wimbledons_champions!B32 -> Women's | C12: =wimbledons_champions!C32 -> S. Williams | D12: =wimbledons_champions!D32 -> USA | E12: =wimbledons_champions!F32 -> 1 | F12: =wimbledons_champions!G32 -> 66 | G12: =wimbledons_champions!H32 -> 6-3, 6-2 | H12: =wimbledons_champions!S32 -> V. Zvonareva | I12: =wimbledons_champions!T32 -> RUS | J12: =wimbledons_champions!V32 -> 21
A13: =wimbledons_champions!A34 -> 2009 | B13: =wimbledons_champions!B34 -> Women's | C13: =wimbledons_champions!C34 -> S. Williams | D13: =wimbledons_champions!D34 -> USA | E13: =wimbledons_champions!F34 -> 2 | F13: =wimbledons_champions!G34 -> 87 | G13: =wimbledons_champions!H34 -> 7-6 (7-3), 6-2 | H13: =wimbledons_champions!S34 -> V.E.S. Williams | I13: =wimbledons_champions!T34 -> USA | J13: =wimbledons_champions!V34 -> 3
A14: =wimbledons_champions!A36 -> 2008 | B14: =wimbledons_champions!B36 -> Women's | C14: =wimbledons_champions!C36 -> V.E.S. Williams | D14: =wimbledons_champions!D36 -> USA | E14: =wimbledons_champions!F36 -> 7 | F14: =wimbledons_champions!G36 -> 111 | G14: =wimbledons_champions!H36 -> 7-5, 6-4 | H14: =wimbledons_champions!S36 -> S. Williams | I14: =wimbledons_champions!T36 -> USA | J14: =wimbledons_champions!V36 -> 6
A15: =wimbledons_champions!A38 -> 2007 | B15: =wimbledons_champions!B38 -> Women's | C15: =wimbledons_champions!C38 -> V.E.S. Williams | D15: =wimbledons_champions!D38 -> USA | E15: =wimbledons_champions!F38 -> 23 | F15: =wimbledons_champions!G38 -> 90 | G15: =wimbledons_champions!H38 -> 6-4, 6-1 | H15: =wimbledons_champions!S38 -> M. Bartoli | I15: =wimbledons_champions!T38 -> FRA | J15: =wimbledons_champions!V38 -> 18
A16: =wimbledons_champions!A40 -> 2006 | B16: =wimbledons_champions!B40 -> Women's | C16: =wimbledons_champions!C40 -> A. Mauresmo | D16: =wimbledons_champions!D40 -> FRA | E16: =wimbledons_champions!F40 -> 1 | F16: =wimbledons_champions!G40 -> 122 | G16: =wimbledons_champions!H40 -> 2-6, 6-3, 6-4 | H16: =wimbledons_champions!S40 -> PY. Hardenne | I16: =wimbledons_champions!T40 -> BEL | J16: =wimbledons_champions!V40 -> 3
A17: =wimbledons_champions!A42 -> 2005 | B17: =wimbledons_champions!B42 -> Women's | C17: =wimbledons_champions!C42 -> V.E.S. Williams | D17: =wimbledons_champions!D42 -> USA | E17: =wimbledons_champions!F42 -> 14 | F17: =wimbledons_champions!G42 -> 166 | G17: =wimbledons_champions!H42 -> 4-6, 7-6 (7-4), 9-7 | H17: =wimbledons_champions!S42 -> L.A. Davenport | I17: =wimbledons_champions!T42 -> USA | J17: =wimbledons_champions!V42 -> 1
A18: =wimbledons_champions!A44 -> 2004 | B18: =wimbledons_champions!B44 -> Women's | C18: =wimbledons_champions!C44 -> M. Sharapova | D18: =wimbledons_champions!D44 -> RUS | E18: =wimbledons_champions!F44 -> 13 | F18: =wimbledons_champions!G44 -> 74 | G18: =wimbledons_champions!H44 -> 6-1, 6-4 | H18: =wimbledons_champions!S44 -> S. Williams | I18: =wimbledons_champions!T44 -> USA | J18: =wimbledons_champions!V44 -> 1
A19: =wimbledons_champions!A46 -> 2003 | B19: =wimbledons_champions!B46 -> Women's | C19: =wimbledons_champions!C46 -> S. Williams | D19: =wimbledons_champions!D46 -> USA | E19: =wimbledons_champions!F46 -> 1 | F19: =wimbledons_champions!G46 -> 123 | G19: =wimbledons_champions!H46 -> 4-6, 6-4, 6-2 | H19: =wimbledons_champions!S46 -> V.E.S. Williams | I19: =wimbledons_champions!T46 -> USA | J19: =wimbledons_champions!V46 -> 4
A20: =wimbledons_champions!A48 -> 2002 | B20: =wimbledons_champions!B48 -> Women's | C20: =wimbledons_champions!C48 -> S. Williams | D20: =wimbledons_champions!D48 -> USA | E20: =wimbledons_champions!F48 -> 2 | F20: =wimbledons_champions!G48 -> 78 | G20: =wimbledons_champions!H48 -> 7-6 (7-4), 6-3 | H20: =wimbledons_champions!S48 -> V.E.S. Williams | I20: =wimbledons_champions!T48 -> USA | J20: =wimbledons_champions!V48 -> 1
A21: =wimbledons_champions!A50 -> 2001 | B21: =wimbledons_champions!B50 -> Women's | C21: =wimbledons_champions!C50 -> V.E.S. Williams | D21: =wimbledons_champions!D50 -> USA | E21: =wimbledons_champions!F50 -> 2 | F21: =wimbledons_champions!G50 -> 69 | G21: =wimbledons_champions!H50 -> 6-1, 3-6, 6-0 | H21: =wimbledons_champions!S50 -> J. Henin | I21: =wimbledons_champions!T50 -> BEL | J21: =wimbledons_champions!V50 -> 8
A22: =wimbledons_champions!A52 -> 2000 | B22: =wimbledons_champions!B52 -> Women's | C22: =wimbledons_champions!C52 -> V.E.S. Williams | D22: =wimbledons_champions!D52 -> USA | E22: =wimbledons_champions!F52 -> 5 | F22: =wimbledons_champions!G52 -> 84 | G22: =wimbledons_champions!H52 -> 6-3, 7-6 (7-3) | H22: =wimbledons_champions!S52 -> L.A. Davenport | I22: =wimbledons_champions!T52 -> USA | J22: =wimbledons_champions!V52 -> 2
A23: =wimbledons_champions!A54 -> 1999 | B23: =wimbledons_champions!B54 -> Women's | C23: =wimbledons_champions!C54 -> L.A. Davenport | D23: =wimbledons_champions!D54 -> USA | E23: =wimbledons_champions!F54 -> 3 | F23: =wimbledons_champions!G54 -> 75 | G23: =wimbledons_champions!H54 -> 6-4, 7-5 | H23: =wimbledons_champions!S54 -> S.M. Graf | I23: =wimbledons_champions!T54 -> GER | J23: =wimbledons_champions!V54 -> 2
A24: =wimbledons_champions!A56 -> 1998 | B24: =wimbledons_champions!B56 -> Women's | C24: =wimbledons_champions!C56 -> J. Novotna | D24: =wimbledons_champions!D56 -> CZE | E24: =wimbledons_champions!F56 -> 3 | F24: =wimbledons_champions!G56 -> 94 | G24: =wimbledons_champions!H56 -> 6-4, 7-6 (7-2) | H24: =wimbledons_champions!S56 -> N. Tauziat | I24: =wimbledons_champions!T56 -> FRA | J24: =wimbledons_champions!V56 -> 16
A25: =wimbledons_champions!A58 -> 1997 | B25: =wimbledons_champions!B58 -> Women's | C25: =wimbledons_champions!C58 -> M. Hingis | D25: =wimbledons_champions!D58 -> SUI | E25: =wimbledons_champions!F58 -> 1 | F25: =wimbledons_champions!G58 -> 110 | G25: =wimbledons_champions!H58 -> 2-6, 6-3, 6-3 | H25: =wimbledons_champions!S58 -> J. Novotna | I25: =wimbledons_champions!T58 -> CZE | J25: =wimbledons_champions!V58 -> 3
A26: =wimbledons_champions!A60 -> 1996 | B26: =wimbledons_champions!B60 -> Women's | C26: =wimbledons_champions!C60 -> S.M. Graf | D26: =wimbledons_champions!D60 -> GER | E26: =wimbledons_champions!F60 -> 1 | F26: =wimbledons_champions!G60 -> 88 | G26: =wimbledons_champions!H60 -> 6-3, 7-5, | H26: =wimbledons_champions!S60 -> A.I.M. Sanchez Vicario | I26: =wimbledons_champions!T60 -> ESP | J26: =wimbledons_champions!V60 -> 4
A27: =wimbledons_champions!A62 -> 1995 | B27: =wimbledons_champions!B62 -> Women's | C27: =wimbledons_champions!C62 -> S.M. Graf | D27: =wimbledons_champions!D62 -> GER | E27: =wimbledons_champions!F62 -> 1 | F27: =wimbledons_champions!G62 -> 122 | G27: =wimbledons_champions!H62 -> 4-6, 6-1, 7-5, | H27: =wimbledons_champions!S62 -> A.I.M. Sanchez Vicario | I27: =wimbledons_champions!T62 -> ESP | J27: =wimbledons_champions!V62 -> 2
A28: =wimbledons_champions!A64 -> 1994 | B28: =wimbledons_champions!B64 -> Women's | C28: =wimbledons_champions!C64 -> I.C. Martinez | D28: =wimbledons_champions!D64 -> ESP | E28: =wimbledons_champions!F64 -> 3 | F28: =wimbledons_champions!G64 -> 119 | G28: =wimbledons_champions!H64 -> 6-4, 3-6, 6-3, | H28: =wimbledons_champions!S64 -> M. Navratilova | I28: =wimbledons_champions!T64 -> USA | J28: =wimbledons_champions!V64 -> 4
A29: =wimbledons_champions!A66 -> 1993 | B29: =wimbledons_champions!B66 -> Women's | C29: =wimbledons_champions!C66 -> S.M. Graf | D29: =wimbledons_champions!D66 -> GER | E29: =wimbledons_champions!F66 -> 1 | F29: =wimbledons_champions!G66 -> 134 | G29: =wimbledons_champions!H66 -> 7-6 (8-6), 1-6, 6-4, | H29: =wimbledons_champions!S66 -> J. Novotna | I29: =wimbledons_champions!T66 -> CZE | J29: =wimbledons_champions!V66 -> 8
A30: =wimbledons_champions!A68 -> 1992 | B30: =wimbledons_champions!B68 -> Women's | C30: =wimbledons_champions!C68 -> S.M. Graf | D30: =wimbledons_champions!D68 -> GER | E30: =wimbledons_champions!F68 -> 2 | F30: =wimbledons_champions!G68 -> 58 | G30: =wimbledons_champions!H68 -> 6-2, 6-1, | H30: =wimbledons_champions!S68 -> M. Seles | I30: =wimbledons_champions!T68 -> SRB | J30: =wimbledons_champions!V68 -> 1
A31: =wimbledons_champions!A70 -> 1991 | B31: =wimbledons_champions!B70 -> Women's | C31: =wimbledons_champions!C70 -> S.M. Graf | D31: =wimbledons_champions!D70 -> GER | E31: =wimbledons_champions!F70 -> 1 | F31: =wimbledons_champions!G70 -> 127 | G31: =wimbledons_champions!H70 -> 6-4, 3-6, 8-6, | H31: =wimbledons_champions!S70 -> G.B. Sabatini | I31: =wimbledons_champions!T70 -> ARG | J31: =wimbledons_champions!V70 -> 2
A32: =wimbledons_champions!A72 -> 1990 | B32: =wimbledons_champions!B72 -> Women's | C32: =wimbledons_champions!C72 -> M. Navratilova | D32: =wimbledons_champions!D72 -> USA | E32: =wimbledons_champions!F72 -> 2 | F32: =wimbledons_champions!G72 -> 75 | G32: =wimbledons_champions!H72 -> 6-4, 6-1, | H32: =wimbledons_champions!S72 -> Z.L. Garrison | I32: =wimbledons_champions!T72 -> USA | J32: =wimbledons_champions!V72 -> 5
A33: =wimbledons_champions!A74 -> 1989 | B33: =wimbledons_champions!B74 -> Women's | C33: =wimbledons_champions!C74 -> S.M. Graf | D33: =wimbledons_champions!D74 -> GER | E33: =wimbledons_champions!F74 -> 1 | F33: =wimbledons_champions!G74 -> 92 | G33: =wimbledons_champions!H74 -> 6-2, 6-7 (1-7), 6-1, | H33: =wimbledons_champions!S74 -> M. Navratilova | I33: =wimbledons_champions!T74 -> USA | J33: =wimbledons_champions!V74 -> 2
A34: =wimbledons_champions!A76 -> 1988 | B34: =wimbledons_champions!B76 -> Women's | C34: =wimbledons_champions!C76 -> S.M. Graf | D34: =wimbledons_champions!D76 -> GER | E34: =wimbledons_champions!F76 -> 1 | F34: =wimbledons_champions!G76 -> 93 | G34: =wimbledons_champions!H76 -> 5-7, 6-2, 6-1, | H34: =wimbledons_champions!S76 -> M. Navratilova | I34: =wimbledons_champions!T76 -> USA | J34: =wimbledons_champions!V76 -> 2
A35: =wimbledons_champions!A78 -> 1987 | B35: =wimbledons_champions!B78 -> Women's | C35: =wimbledons_champions!C78 -> M. Navratilova | D35: =wimbledons_champions!D78 -> USA | E35: =wimbledons_champions!F78 -> 1 | F35: =wimbledons_champions!G78 -> 69 | G35: =wimbledons_champions!H78 -> 7-5, 6-3, | H35: =wimbledons_champions!S78 -> S.M. Graf | I35: =wimbledons_champions!T78 -> GER | J35: =wimbledons_champions!V78 -> 2
A36: =wimbledons_champions!A80 -> 1986 | B36: =wimbledons_champions!B80 -> Women's | C36: =wimbledons_champions!C80 -> M. Navratilova | D36: =wimbledons_champions!D80 -> USA | E36: =wimbledons_champions!F80 -> 1 | F36: =wimbledons_champions!G80 -> 72 | G36: =wimbledons_champions!H80 -> 7-6 (7-1), 6-3, | H36: =wimbledons_champions!S80 -> H. Mandlikova | I36: =wimbledons_champions!T80 -> CZE | J36: =wimbledons_champions!V80 -> 3
A37: =wimbledons_champions!A82 -> 1985 | B37: =wimbledons_champions!B82 -> Women's | C37: =wimbledons_champions!C82 -> M. Navratilova | D37: =wimbledons_champions!D82 -> USA | E37: =wimbledons_champions!F82 -> 1 | F37: =wimbledons_champions!G82 -> 107 | G37: =wimbledons_champions!H82 -> 4-6, 6-3, 6-2, | H37: =wimbledons_champions!S82 -> J.M. Lloyd | I37: =wimbledons_champions!T82 -> USA | J37: =wimbledons_champions!V82 -> 1
A38: =wimbledons_champions!A84 -> 1984 | B38: =wimbledons_champions!B84 -> Women's | C38: =wimbledons_champions!C84 -> M. Navratilova | D38: =wimbledons_champions!D84 -> USA | E38: =wimbledons_champions!F84 -> 1 | F38: =wimbledons_champions!G84 -> 84 | G38: =wimbledons_champions!H84 -> 7-6 (7-5), 6-2, | H38: =wimbledons_champions!S84 -> J.M. Lloyd | I38: =wimbledons_champions!T84 -> USA | J38: =wimbledons_champions!V84 -> 2
A39: =wimbledons_champions!A86 -> 1983 | B39: =wimbledons_champions!B86 -> Women's | C39: =wimbledons_champions!C86 -> M. Navratilova | D39: =wimbledons_champions!D86 -> USA | E39: =wimbledons_champions!F86 -> 1 | F39: =wimbledons_champions!G86 -> 54 | G39: =wimbledons_champions!H86 -> 6-0, 6-3, | H39: =wimbledons_champions!S86 -> A. Jaeger | I39: =wimbledons_champions!T86 -> USA | J39: =wimbledons_champions!V86 -> 3
A40: =wimbledons_champions!A88 -> 1982 | B40: =wimbledons_champions!B88 -> Women's | C40: =wimbledons_champions!C88 -> M. Navratilova | D40: =wimbledons_champions!D88 -> USA | E40: =wimbledons_champions!F88 -> 1 | F40: =wimbledons_champions!G88 -> 87 | G40: =wimbledons_champions!H88 -> 6-1, 3-6, 6-2, | H40: =wimbledons_champions!S88 -> J.M. Lloyd | I40: =wimbledons_champions!T88 -> USA | J40: =wimbledons_champions!V88 -> 2
A41: =wimbledons_champions!A90 -> 1981 | B41: =wimbledons_champions!B90 -> Women's | C41: =wimbledons_champions!C90 -> J.M. Lloyd | D41: =wimbledons_champions!D90 -> USA | E41: =wimbledons_champions!F90 -> 1 | F41: =wimbledons_champions!G90 -> 60 | G41: =wimbledons_champions!H90 -> 6-2, 6-2, | H41: =wimbledons_champions!S90 -> H. Mandlikova | I41: =wimbledons_champions!T90 -> CZE | J41: =wimbledons_champions!V90 -> 2
A42: =wimbledons_champions!A92 -> 1980 | B42: =wimbledons_champions!B92 -> Women's | C42: =wimbledons_champions!C92 -> R.A. Cawley | D42: =wimbledons_champions!D92 -> AUS | E42: =wimbledons_champions!F92 -> 4 | F42: =wimbledons_champions!G92 -> 93 | G42: =wimbledons_champions!H92 -> 6-1, 7-6 (7-4) | H42: =wimbledons_champions!S92 -> J.M. Lloyd | I42: =wimbledons_champions!T92 -> USA | J42: =wimbledons_champions!V92 -> 3
A43: =wimbledons_champions!A94 -> 1979 | B43: =wimbledons_champions!B94 -> Women's | C43: =wimbledons_champions!C94 -> M. Navratilova | D43: =wimbledons_champions!D94 -> USA | E43: =wimbledons_champions!F94 -> 1 | F43: =wimbledons_champions!G94 -> 60 | G43: =wimbledons_champions!H94 -> 6-4, 6-4, | H43: =wimbledons_champions!S94 -> J.M. Lloyd | I43: =wimbledons_champions!T94 -> USA | J43: =wimbledons_champions!V94 -> 2
A44: =wimbledons_champions!A96 -> 1978 | B44: =wimbledons_champions!B96 -> Women's | C44: =wimbledons_champions!C96 -> M. Navratilova | D44: =wimbledons_champions!D96 -> USA | E44: =wimbledons_champions!F96 -> 2 | F44: =wimbledons_champions!G96 -> 102 | G44: =wimbledons_champions!H96 -> 2-6, 6-4, 7-5, | H44: =wimbledons_champions!S96 -> C.M. Evert | I44: =wimbledons_champions!T96 -> USA | J44: =wimbledons_champions!V96 -> 1
A45: =wimbledons_champions!A98 -> 1977 | B45: =wimbledons_champions!B98 -> Women's | C45: =wimbledons_champions!C98 -> S.V. Wade | D45: =wimbledons_champions!D98 -> GBR | E45: =wimbledons_champions!F98 -> 3 | F45: =wimbledons_champions!G98 -> 98 | G45: =wimbledons_champions!H98 -> 4-6, 6-3, 6-1, | H45: =wimbledons_champions!S98 -> B.F. Stove | I45: =wimbledons_champions!T98 -> NED | J45: =wimbledons_champions!V98 -> 7
A46: =wimbledons_champions!A100 -> 1976 | B46: =wimbledons_champions!B100 -> Women's | C46: =wimbledons_champions!C100 -> C.M. Evert | D46: =wimbledons_champions!D100 -> USA | E46: =wimbledons_champions!F100 -> 1 | F46: =wimbledons_champions!G100 -> 120 | G46: =wimbledons_champions!H100 -> 6-3, 4-6, 8-6, | H46: =wimbledons_champions!S100 -> R.A. Cawley | I46: =wimbledons_champions!T100 -> AUS | J46: =wimbledons_champions!V100 -> 2
A47: =wimbledons_champions!A102 -> 1975 | B47: =wimbledons_champions!B102 -> Women's | C47: =wimbledons_champions!C102 -> L.W. King | D47: =wimbledons_champions!D102 -> USA | E47: =wimbledons_champions!F102 -> 3 | F47: =wimbledons_champions!G102 -> 38 | G47: =wimbledons_champions!H102 -> 6-0, 6-1, | H47: =wimbledons_champions!S102 -> R.A. Cawley | I47: =wimbledons_champions!T102 -> AUS | J47: =wimbledons_champions!V102 -> 4
A48: =wimbledons_champions!A104 -> 1974 | B48: =wimbledons_champions!B104 -> Women's | C48: =wimbledons_champions!C104 -> C.M. Evert | D48: =wimbledons_champions!D104 -> USA | E48: =wimbledons_champions!F104 -> 2 | F48: =wimbledons_champions!G104 -> 59 | G48: =wimbledons_champions!H104 -> 6-0, 6-4 | H48: =wimbledons_champions!S104 -> O.V. Morozova | I48: =wimbledons_champions!T104 -> URS | J48: =wimbledons_champions!V104 -> 8
A49: =wimbledons_champions!A106 -> 1973 | B49: =wimbledons_champions!B106 -> Women's | C49: =wimbledons_champions!C106 -> L.W. King | D49: =wimbledons_champions!D106 -> USA | E49: =wimbledons_champions!F106 -> 2 | F49: =wimbledons_champions!G106 -> 53 | G49: =wimbledons_champions!H106 -> 6-0, 7-5 | H49: =wimbledons_champions!S106 -> C.M. Evert | I49: =wimbledons_champions!T106 -> USA | J49: =wimbledons_champions!V106 -> 4
A50: =wimbledons_champions!A108 -> 1972 | B50: =wimbledons_champions!B108 -> Women's | C50: =wimbledons_champions!C108 -> L.W. King | D50: =wimbledons_champions!D108 -> USA | E50: =wimbledons_champions!F108 -> 2 | F50: =wimbledons_champions!G108 -> 50 | G50: =wimbledons_champions!H108 -> 6-3, 6-3, | H50: =wimbledons_champions!S108 -> E.F. Goolagong | I50: =wimbledons_champions!T108 -> AUS | J50: =wimbledons_champions!V108 -> 1
A51: =wimbledons_champions!A110 -> 1971 | B51: =wimbledons_champions!B110 -> Women's | C51: =wimbledons_champions!C110 -> E.F. Goolagong | D51: =wimbledons_champions!D110 -> AUS | E51: =wimbledons_champions!F110 -> 3 | F51: =wimbledons_champions!G110 -> 62 | G51: =wimbledons_champions!H110 -> 6-4, 6-1, | H51: =wimbledons_champions!S110 -> B.M. Court | I51: =wimbledons_champions!T110 -> AUS | J51: =wimbledons_champions!V110 -> 1
A52: =wimbledons_champions!A112 -> 1970 | B52: =wimbledons_champions!B112 -> Women's | C52: =wimbledons_champions!C112 -> B.M. Court | D52: =wimbledons_champions!D112 -> AUS | E52: =wimbledons_champions!F112 -> 1 | F52: =wimbledons_champions!G112 -> 148 | G52: =wimbledons_champions!H112 -> 14-12, 11-9, | H52: =wimbledons_champions!S112 -> L.W. King | I52: =wimbledons_champions!T112 -> USA | J52: =wimbledons_champions!V112 -> 2
A53: =wimbledons_champions!A114 -> 1969 | B53: =wimbledons_champions!B114 -> Women's | C53: =wimbledons_champions!C114 -> P.F. Jones | D53: =wimbledons_champions!D114 -> GBR | E53: =wimbledons_champions!F114 -> 4 | F53: =wimbledons_champions!G114 -> 71 | G53: =wimbledons_champions!H114 -> 3-6, 6-3, 6-2, | H53: =wimbledons_champions!S114 -> L.W. King | I53: =wimbledons_champions!T114 -> USA | J53: =wimbledons_champions!V114 -> 2
A54: =wimbledons_champions!A116 -> 1968 | B54: =wimbledons_champions!B116 -> Women's | C54: =wimbledons_champions!C116 -> L.W. King | D54: =wimbledons_champions!D116 -> USA | E54: =wimbledons_champions!F116 -> 1 | F54: =wimbledons_champions!G116 -> 69 | G54: =wimbledons_champions!H116 -> 9-7, 7-5, | H54: =wimbledons_champions!S116 -> J.A.M. Tegart | I54: =wimbledons_champions!T116 -> AUS | J54: =wimbledons_champions!V116 -> 7
A55: =wimbledons_champions!A118 -> 1967 | B55: =wimbledons_champions!B118 -> Women's | C55: =wimbledons_champions!C118 -> L.W. King | D55: =wimbledons_champions!D118 -> USA | E55: =wimbledons_champions!F118 -> 1 | F55: =wimbledons_champions!G118 -> 60 | G55: =wimbledons_champions!H118 -> 6-3, 6-4, | H55: =wimbledons_champions!S118 -> P.F. Jones | I55: =wimbledons_champions!T118 -> GBR | J55: =wimbledons_champions!V118 -> 3
A56: =wimbledons_champions!A120 -> 1966 | B56: =wimbledons_champions!B120 -> Women's | C56: =wimbledons_champions!C120 -> L.W. King | D56: =wimbledons_champions!D120 -> USA | E56: =wimbledons_champions!F120 -> 4 | F56: =wimbledons_champions!G120 -> 68 | G56: =wimbledons_champions!H120 -> 6-3, 3-6, 6-1, | H56: =wimbledons_champions!S120 -> M.E.A. Bueno | I56: =wimbledons_champions!T120 -> BRA | J56: =wimbledons_champions!V120 -> 2
A57: =wimbledons_champions!A122 -> 1965 | B57: =wimbledons_champions!B122 -> Women's | C57: =wimbledons_champions!C122 -> B.M. Court | D57: =wimbledons_champions!D122 -> AUS | E57: =wimbledons_champions!F122 -> 2 | F57: =wimbledons_champions!G122 -> 56 | G57: =wimbledons_champions!H122 -> 6-4, 7-5, | H57: =wimbledons_champions!S122 -> M.E.A. Bueno | I57: =wimbledons_champions!T122 -> BRA | J57: =wimbledons_champions!V122 -> 1
A58: =wimbledons_champions!A124 -> 1964 | B58: =wimbledons_champions!B124 -> Women's | C58: =wimbledons_champions!C124 -> M.E.A. Bueno | D58: =wimbledons_champions!D124 -> BRA | E58: =wimbledons_champions!F124 -> 2 | F58: =wimbledons_champions!G124 -> 90 | G58: =wimbledons_champions!H124 -> 6-4, 7-9, 6-3, | H58: =wimbledons_champions!S124 -> B.M. Court | I58: =wimbledons_champions!T124 -> AUS | J58: =wimbledons_champions!V124 -> 1
A59: =wimbledons_champions!A126 -> 1963 | B59: =wimbledons_champions!B126 -> Women's | C59: =wimbledons_champions!C126 -> B.M. Court | D59: =wimbledons_champions!D126 -> AUS | E59: =wimbledons_champions!F126 -> 1 | F59: =wimbledons_champions!G126 -> 51 | G59: =wimbledons_champions!H126 -> 6-3, 6-4, | H59: =wimbledons_champions!S126 -> B.J. Moffitt | I59: =wimbledons_champions!T126 -> USA | J59: =wimbledons_champions!V126 -> U
A60: =wimbledons_champions!A128 -> 1962 | B60: =wimbledons_champions!B128 -> Women's | C60: =wimbledons_champions!C128 -> J.R. Susman | D60: =wimbledons_champions!D128 -> USA | E60: =wimbledons_champions!F128 -> 8 | F60: =wimbledons_champions!G128 -> 57 | G60: =wimbledons_champions!H128 -> 6-4, 6-4, | H60: =wimbledons_champions!S128 -> C. Sukova | I60: =wimbledons_champions!T128 -> CZE | J60: =wimbledons_champions!V128 -> U
A61: =wimbledons_champions!A130 -> 1961 | B61: =wimbledons_champions!B130 -> Women's | C61: =wimbledons_champions!C130 -> F.A.M. Mortimer | D61: =wimbledons_champions!D130 -> GBR | E61: =wimbledons_champions!F130 -> 7 | F61: =wimbledons_champions!G130 -> 96 | G61: =wimbledons_champions!H130 -> 4-6, 6-4, 7-5, | H61: =wimbledons_champions!S130 -> C.C. Truman | I61: =wimbledons_champions!T130 -> GBR | J61: =wimbledons_champions!V130 -> 6
A62: =wimbledons_champions!A132 -> 1960 | B62: =wimbledons_champions!B132 -> Women's | C62: =wimbledons_champions!C132 -> M.E.A. Bueno | D62: =wimbledons_champions!D132 -> BRA | E62: =wimbledons_champions!F132 -> 1 | F62: =wimbledons_champions!G132 -> 59 | G62: =wimbledons_champions!H132 -> 8-6, 6-0 | H62: =wimbledons_champions!S132 -> S. Reynolds | I62: =wimbledons_champions!T132 -> RSA | J62: =wimbledons_champions!V132 -> 8
A63: =wimbledons_champions!A134 -> 1959 | B63: =wimbledons_champions!B134 -> Women's | C63: =wimbledons_champions!C134 -> M.E.A. Bueno | D63: =wimbledons_champions!D134 -> BRA | E63: =wimbledons_champions!F134 -> 6 | F63: =wimbledons_champions!G134 -> 43 | G63: =wimbledons_champions!H134 -> 6-4, 6-3, | H63: =wimbledons_champions!S134 -> D.R. Hard | I63: =wimbledons_champions!T134 -> USA | J63: =wimbledons_champions!V134 -> 4
A64: =wimbledons_champions!A136 -> 1958 | B64: =wimbledons_champions!B136 -> Women's | C64: =wimbledons_champions!C136 -> A. Gibson | D64: =wimbledons_champions!D136 -> USA | E64: =wimbledons_champions!F136 -> 1 | F64: =wimbledons_champions!G136 -> 62 | G64: =wimbledons_champions!H136 -> 8-6, 6-2, | H64: =wimbledons_champions!S136 -> F.A.M. Mortimer | I64: =wimbledons_champions!T136 -> GBR | J64: =wimbledons_champions!V136 -> U
A65: =wimbledons_champions!A138 -> 1957 | B65: =wimbledons_champions!B138 -> Women's | C65: =wimbledons_champions!C138 -> A. Gibson | D65: =wimbledons_champions!D138 -> USA | E65: =wimbledons_champions!F138 -> 1 | F65: =wimbledons_champions!G138 -> 50 | G65: =wimbledons_champions!H138 -> 6-3, 6-2, | H65: =wimbledons_champions!S138 -> D.R. Hard | I65: =wimbledons_champions!T138 -> USA | J65: =wimbledons_champions!V138 -> 5
A66: =wimbledons_champions!A140 -> 1956 | B66: =wimbledons_champions!B140 -> Women's | C66: =wimbledons_champions!C140 -> S.J. Fry | D66: =wimbledons_champions!D140 -> USA | E66: =wimbledons_champions!F140 -> 5 | F66: =wimbledons_champions!G140 -> 50 | G66: =wimbledons_champions!H140 -> 6-3, 6-1, | H66: =wimbledons_champions!S140 -> A. Buxton | I66: =wimbledons_champions!T140 -> GBR | J66: =wimbledons_champions!V140 -> 6
A67: =wimbledons_champions!A142 -> 1955 | B67: =wimbledons_champions!B142 -> Women's | C67: =wimbledons_champions!C142 -> A.L. Brough | D67: =wimbledons_champions!D142 -> USA | E67: =wimbledons_champions!F142 -> 2 | F67: =wimbledons_champions!G142 -> 90 | G67: =wimbledons_champions!H142 -> 7-5, 8-6, | H67: =wimbledons_champions!S142 -> J.G. Fleitz | I67: =wimbledons_champions!T142 -> USA | J67: =wimbledons_champions!V142 -> 3
A68: =wimbledons_champions!A144 -> 1954 | B68: =wimbledons_champions!B144 -> Women's | C68: =wimbledons_champions!C144 -> M.C. Connolly | D68: =wimbledons_champions!D144 -> USA | E68: =wimbledons_champions!F144 -> 1 | F68: =wimbledons_champions!G144 -> 50 | G68: =wimbledons_champions!H144 -> 6-2, 7-5, | H68: =wimbledons_champions!S144 -> A.L. Brough | I68: =wimbledons_champions!T144 -> USA | J68: =wimbledons_champions!V144 -> 4
A69: =wimbledons_champions!A146 -> 1953 | B69: =wimbledons_champions!B146 -> Women's | C69: =wimbledons_champions!C146 -> M.C. Connolly | D69: =wimbledons_champions!D146 -> USA | E69: =wimbledons_champions!F146 -> 1 | F69: =wimbledons_champions!G146 -> 67 | G69: =wimbledons_champions!H146 -> 8-6, 7-5, | H69: =wimbledons_champions!S146 -> D.J. Hart | I69: =wimbledons_champions!T146 -> USA | J69: =wimbledons_champions!V146 -> 2
A70: =wimbledons_champions!A148 -> 1952 | B70: =wimbledons_champions!B148 -> Women's | C70: =wimbledons_champions!C148 -> M.C. Connolly | D70: =wimbledons_champions!D148 -> USA | E70: =wimbledons_champions!F148 -> 2 | F70: =wimbledons_champions!G148 -> 65 | G70: =wimbledons_champions!H148 -> 7-5, 6-3, | H70: =wimbledons_champions!S148 -> A.L. Brough | I70: =wimbledons_champions!T148 -> USA | J70: =wimbledons_champions!V148 -> 4
A71: =wimbledons_champions!A150 -> 1951 | B71: =wimbledons_champions!B150 -> Women's | C71: =wimbledons_champions!C150 -> D.J. Hart | D71: =wimbledons_champions!D150 -> USA | E71: =wimbledons_champions!F150 -> 3 | F71: =wimbledons_champions!G150 -> 35 | G71: =wimbledons_champions!H150 -> 6-1, 6-0 | H71: =wimbledons_champions!S150 -> S.J. Fry | I71: =wimbledons_champions!T150 -> USA | J71: =wimbledons_champions!V150 -> 4
A72: =wimbledons_champions!A152 -> 1950 | B72: =wimbledons_champions!B152 -> Women's | C72: =wimbledons_champions!C152 -> A.L. Brough | D72: =wimbledons_champions!D152 -> USA | E72: =wimbledons_champions!F152 -> 1 | F72: =wimbledons_champions!G152 -> 62 | G72: =wimbledons_champions!H152 -> 6-1, 3-6, 6-1, | H72: =wimbledons_champions!S152 -> M. duPont | I72: =wimbledons_champions!T152 -> USA | J72: =wimbledons_champions!V152 -> 2
A73: =wimbledons_champions!A154 -> 1949 | B73: =wimbledons_champions!B154 -> Women's | C73: =wimbledons_champions!C154 -> A.L. Brough | D73: =wimbledons_champions!D154 -> USA | E73: =wimbledons_champions!F154 -> 1 | F73: =wimbledons_champions!G154 -> 120 | G73: =wimbledons_champions!H154 -> 10-8, 1-6, 10-8, | H73: =wimbledons_champions!S154 -> M. duPont | I73: =wimbledons_champions!T154 -> USA | J73: =wimbledons_champions!V154 -> 2
A74: =wimbledons_champions!A156 -> 1948 | B74: =wimbledons_champions!B156 -> Women's | C74: =wimbledons_champions!C156 -> A.L. Brough | D74: =wimbledons_champions!D156 -> USA | E74: =wimbledons_champions!F156 -> 2 | F74: =wimbledons_champions!G156 -> 76 | G74: =wimbledons_champions!H156 -> 6-3, 8-6, | H74: =wimbledons_champions!S156 -> D.J. Hart | I74: =wimbledons_champions!T156 -> USA | J74: =wimbledons_champions!V156 -> 4
A75: =wimbledons_champions!A158 -> 1947 | B75: =wimbledons_champions!B158 -> Women's | C75: =wimbledons_champions!C158 -> M.E. Osborne | D75: =wimbledons_champions!D158 -> USA | E75: =wimbledons_champions!F158 -> 1 | F75: =wimbledons_champions!G158 -> 0 | G75: =wimbledons_champions!H158 -> 6-2, 6-4, | H75: =wimbledons_champions!S158 -> D.J. Hart | I75: =wimbledons_champions!T158 -> USA | J75: =wimbledons_champions!V158 -> 3
A76: =wimbledons_champions!A160 -> 1946 | B76: =wimbledons_champions!B160 -> Women's | C76: =wimbledons_champions!C160 -> P.M. Betz | D76: =wimbledons_champions!D160 -> USA | E76: =wimbledons_champions!F160 -> 1 | F76: =wimbledons_champions!G160 -> 0 | G76: =wimbledons_champions!H160 -> 6-2, 6-4, | H76: =wimbledons_champions!S160 -> A.L. Brough | I76: =wimbledons_champions!T160 -> USA | J76: =wimbledons_champions!V160 -> 3
A77: =wimbledons_champions!A162 -> 1939 | B77: =wimbledons_champions!B162 -> Women's | C77: =wimbledons_champions!C162 -> A. Marble | D77: =wimbledons_champions!D162 -> USA | E77: =wimbledons_champions!F162 -> 1 | F77: =wimbledons_champions!G162 -> 30 | G77: =wimbledons_champions!H162 -> 6-2, 6-0 | H77: =wimbledons_champions!S162 -> K.E. Stammers | I77: =wimbledons_champions!T162 -> GBR | J77: =wimbledons_champions!V162 -> 6
A78: =wimbledons_champions!A164 -> 1938 | B78: =wimbledons_champions!B164 -> Women's | C78: =wimbledons_champions!C164 -> H.W. Moody | D78: =wimbledons_champions!D164 -> USA | E78: =wimbledons_champions!F164 -> 1 | F78: =wimbledons_champions!G164 -> 0 | G78: =wimbledons_champions!H164 -> 6-4, 6-0 | H78: =wimbledons_champions!S164 -> H.H. Jacobs | I78: =wimbledons_champions!T164 -> USA | J78: =wimbledons_champions!V164 -> U
A79: =wimbledons_champions!A166 -> 1937 | B79: =wimbledons_champions!B166 -> Women's | C79: =wimbledons_champions!C166 -> D.E. Round | D79: =wimbledons_champions!D166 -> GBR | E79: =wimbledons_champions!F166 -> 7 | F79: =wimbledons_champions!G166 -> 60 | G79: =wimbledons_champions!H166 -> 6-2, 2-6, 7-5 | H79: =wimbledons_champions!S166 -> J. Jedrzejowska | I79: =wimbledons_champions!T166 -> POL | J79: =wimbledons_champions!V166 -> 4
A80: =wimbledons_champions!A168 -> 1936 | B80: =wimbledons_champions!B168 -> Women's | C80: =wimbledons_champions!C168 -> H.H. Jacobs | D80: =wimbledons_champions!D168 -> USA | E80: =wimbledons_champions!F168 -> 2 | F80: =wimbledons_champions!G168 -> 101 | G80: =wimbledons_champions!H168 -> 6-2, 4-6, 7-5 | H80: =wimbledons_champions!S168 -> S. Sperling | I80: =wimbledons_champions!T168 -> GER | J80: =wimbledons_champions!V168 -> 5
A81: =wimbledons_champions!A170 -> 1935 | B81: =wimbledons_champions!B170 -> Women's | C81: =wimbledons_champions!C170 -> H.W. Moody | D81: =wimbledons_champions!D170 -> USA | E81: =wimbledons_champions!F170 -> 4 | F81: =wimbledons_champions!G170 -> 100 | G81: =wimbledons_champions!H170 -> 6-3, 3-6, 7-5 | H81: =wimbledons_champions!S170 -> H.H. Jacobs | I81: =wimbledons_champions!T170 -> USA | J81: =wimbledons_champions!V170 -> 3
A82: =wimbledons_champions!A172 -> 1934 | B82: =wimbledons_champions!B172 -> Women's | C82: =wimbledons_champions!C172 -> D.E. Round | D82: =wimbledons_champions!D172 -> GBR | E82: =wimbledons_champions!F172 -> 2 | F82: =wimbledons_champions!G172 -> 0 | G82: =wimbledons_champions!H172 -> 6-2, 5-7, 6-3 | H82: =wimbledons_champions!S172 -> H.H. Jacobs | I82: =wimbledons_champions!T172 -> USA | J82: =wimbledons_champions!V172 -> 1
A83: =wimbledons_champions!A174 -> 1933 | B83: =wimbledons_champions!B174 -> Women's | C83: =wimbledons_champions!C174 -> H.W. Moody | D83: =wimbledons_champions!D174 -> USA | E83: =wimbledons_champions!F174 -> 1 | F83: =wimbledons_champions!G174 -> 120 | G83: =wimbledons_champions!H174 -> 6-4, 6-8, 6-3 | H83: =wimbledons_champions!S174 -> D.E. Round | I83: =wimbledons_champions!T174 -> GBR | J83: =wimbledons_champions!V174 -> 2
